ticker,filing_type,filing_date,section_used,text_length,positive,negative,neutral,net_score,pct_positive,pct_negative,n_chunks
AAPL,10-Q,2016-01-27,full_fallback,14000,0.086699,0.288026,0.625275,-0.201328,0.028571,0.314286,35
AAPL,10-Q,2016-04-27,full_fallback,14400,0.082971,0.268929,0.6481,-0.185958,0.027778,0.222222,36
AAPL,10-Q,2016-07-27,full_fallback,14400,0.065436,0.296025,0.638538,-0.230589,0.027778,0.194444,36
AAPL,10-Q,2017-02-01,full_fallback,14000,0.075566,0.230005,0.694429,-0.154439,0.028571,0.2,35
AAPL,10-Q,2017-05-03,full_fallback,14400,0.076916,0.198164,0.72492,-0.121248,0.027778,0.111111,36
AAPL,10-Q,2017-08-02,full_fallback,14800,0.089535,0.224432,0.686033,-0.134897,0.054054,0.216216,37
AAPL,10-Q,2018-02-02,full_fallback,14400,0.079728,0.170556,0.749717,-0.090828,0.027778,0.083333,36
AAPL,10-Q,2018-05-02,full_fallback,14800,0.090462,0.192443,0.717095,-0.101981,0.027027,0.135135,37
AAPL,10-Q,2018-08-01,full_fallback,14800,0.078976,0.192944,0.72808,-0.113968,0.027027,0.162162,37
AAPL,10-Q,2019-01-30,full_fallback,14400,0.061244,0.296909,0.641847,-0.235666,0.0,0.333333,36
AAPL,10-Q,2019-05-01,full_fallback,14800,0.040126,0.23156,0.728313,-0.191434,0.0,0.216216,37
AAPL,10-Q,2019-07-31,full_fallback,14800,0.055988,0.240784,0.703229,-0.184796,0.027027,0.162162,37
AAPL,10-Q,2020-01-29,full_fallback,14800,0.037474,0.212083,0.750442,-0.174609,0.0,0.216216,37
AAPL,10-Q,2020-05-01,full_fallback,14800,0.026835,0.2218,0.751365,-0.194965,0.0,0.189189,37
AAPL,10-Q,2020-07-31,full_fallback,14800,0.067764,0.13945,0.792786,-0.071685,0.054054,0.081081,37
AAPL,10-Q,2021-01-28,full_fallback,14400,0.093539,0.13597,0.770491,-0.042432,0.055556,0.083333,36
AAPL,10-Q,2021-04-29,full_fallback,14800,0.066479,0.172004,0.761517,-0.105524,0.027027,0.108108,37
AAPL,10-Q,2021-07-28,full_fallback,14800,0.115023,0.14138,0.743597,-0.026358,0.108108,0.081081,37
AAPL,10-Q,2022-01-28,full_fallback,9200,0.083481,0.195444,0.721074,-0.111963,0.043478,0.173913,23
AAPL,10-Q,2022-04-29,full_fallback,10800,0.060192,0.238486,0.701321,-0.178294,0.0,0.259259,27
AAPL,10-Q,2022-07-29,full_fallback,10400,0.046825,0.273167,0.680008,-0.226342,0.0,0.230769,26
AAPL,10-Q,2023-02-03,full_fallback,9600,0.024594,0.281375,0.694031,-0.256781,0.0,0.25,24
AAPL,10-Q,2023-05-05,full_fallback,10400,0.031973,0.296495,0.671532,-0.264522,0.0,0.230769,26
AAPL,10-Q,2023-08-04,full_fallback,10400,0.023816,0.303718,0.672466,-0.279902,0.0,0.269231,26
AAPL,10-Q,2024-02-02,full_fallback,9200,0.048761,0.236185,0.715054,-0.187424,0.0,0.130435,23
AAPL,10-Q,2024-05-03,full_fallback,10000,0.041811,0.303675,0.654514,-0.261864,0.0,0.36,25
AAPL,10-Q,2024-08-02,full_fallback,10000,0.042231,0.262613,0.695156,-0.220382,0.0,0.2,25
AAPL,10-Q,2025-01-31,full_fallback,10000,0.040241,0.287224,0.672535,-0.246983,0.0,0.32,25
AAPL,10-Q,2025-05-02,full_fallback,11600,0.052014,0.405428,0.542558,-0.353414,0.034483,0.448276,29
AAPL,10-Q,2025-08-01,full_fallback,10000,0.054527,0.314041,0.631432,-0.259514,0.0,0.4,25
AAPL,10-Q,2026-01-30,full_fallback,9200,0.037634,0.247317,0.715049,-0.209682,0.0,0.26087,23
AAPL,10-K,2016-10-26,full_fallback,14400,0.076094,0.352589,0.571317,-0.276495,0.027778,0.388889,36
AAPL,10-K,2017-11-03,full_fallback,14400,0.069449,0.354369,0.576181,-0.28492,0.027778,0.361111,36
AAPL,10-K,2018-11-05,full_fallback,14400,0.095384,0.310769,0.593847,-0.215386,0.083333,0.305556,36
AAPL,10-K,2019-10-31,full_fallback,14000,0.043965,0.438807,0.517227,-0.394842,0.0,0.457143,35
AAPL,10-K,2020-10-30,full_fallback,14000,0.068984,0.475976,0.45504,-0.406991,0.028571,0.6,35
AAPL,10-K,2021-10-29,full_fallback,14000,0.073167,0.456958,0.469876,-0.383791,0.028571,0.571429,35
AAPL,10-K,2022-10-28,full_fallback,14000,0.058304,0.526953,0.414743,-0.468649,0.028571,0.571429,35
AAPL,10-K,2023-11-03,full_fallback,14000,0.026176,0.582364,0.391459,-0.556188,0.0,0.685714,35
AAPL,10-K,2024-11-01,full_fallback,14000,0.044723,0.480064,0.475212,-0.435341,0.0,0.514286,35
AAPL,10-K,2025-10-31,full_fallback,13600,0.03207,0.532343,0.435587,-0.500273,0.0,0.588235,34
ABBV,10-Q,2016-05-06,full_fallback,14400,0.162908,0.224157,0.612935,-0.061249,0.111111,0.194444,36
ABBV,10-Q,2016-08-05,full_fallback,14800,0.156258,0.136064,0.707678,0.020194,0.135135,0.081081,37
ABBV,10-Q,2016-11-07,full_fallback,14400,0.145988,0.1419,0.712112,0.004088,0.111111,0.083333,36
ABBV,10-Q,2017-05-05,full_fallback,14400,0.106161,0.218563,0.675276,-0.112402,0.055556,0.138889,36
ABBV,10-Q,2017-08-07,full_fallback,14800,0.095453,0.251651,0.652896,-0.156198,0.054054,0.27027,37
ABBV,10-Q,2017-11-07,full_fallback,14800,0.129743,0.197179,0.673078,-0.067436,0.108108,0.135135,37
ABBV,10-Q,2018-05-04,full_fallback,14400,0.132986,0.163738,0.703276,-0.030752,0.111111,0.083333,36
ABBV,10-Q,2018-08-07,full_fallback,14800,0.125648,0.19582,0.678532,-0.070172,0.054054,0.135135,37
ABBV,10-Q,2018-11-07,full_fallback,14800,0.15298,0.177954,0.669066,-0.024974,0.108108,0.135135,37
ABBV,10-Q,2019-05-03,full_fallback,13600,0.096523,0.205249,0.698228,-0.108726,0.058824,0.176471,34
ABBV,10-Q,2019-08-05,full_fallback,14800,0.071143,0.143136,0.78572,-0.071993,0.027027,0.108108,37
ABBV,10-Q,2019-11-06,full_fallback,14800,0.049587,0.168256,0.782157,-0.118668,0.0,0.189189,37
ABBV,10-Q,2020-05-08,full_fallback,14800,0.079273,0.200685,0.720042,-0.121413,0.027027,0.189189,37
ABBV,10-Q,2020-08-04,full_fallback,13200,0.030678,0.051392,0.91793,-0.020714,0.0,0.0,33
ABBV,10-Q,2020-11-04,full_fallback,13200,0.035601,0.052347,0.912051,-0.016746,0.0,0.0,33
ABBV,10-Q,2021-05-07,full_fallback,14000,0.057675,0.147282,0.795044,-0.089607,0.028571,0.114286,35
ABBV,10-Q,2021-08-02,full_fallback,12800,0.047596,0.073789,0.878615,-0.026193,0.0,0.0,32
ABBV,10-Q,2021-11-02,full_fallback,12800,0.03948,0.066226,0.894295,-0.026746,0.0,0.0,32
ABBV,10-Q,2022-05-06,full_fallback,14000,0.062479,0.150437,0.787083,-0.087958,0.028571,0.085714,35
ABBV,10-Q,2022-08-04,full_fallback,13200,0.027462,0.13036,0.842178,-0.102897,0.0,0.060606,33
ABBV,10-Q,2022-11-04,full_fallback,13200,0.036706,0.108508,0.854786,-0.071801,0.0,0.030303,33
ABBV,10-Q,2023-05-05,full_fallback,14000,0.048971,0.164277,0.786752,-0.115307,0.028571,0.114286,35
ABBV,10-Q,2023-08-07,full_fallback,12800,0.029694,0.105697,0.864608,-0.076003,0.0,0.0625,32
ABBV,10-Q,2023-11-06,full_fallback,12800,0.026949,0.150264,0.822787,-0.123315,0.0,0.125,32
ABBV,10-Q,2024-05-03,full_fallback,14400,0.028216,0.173313,0.798471,-0.145097,0.0,0.194444,36
ABBV,10-Q,2024-08-07,full_fallback,13200,0.030497,0.064736,0.904768,-0.034239,0.0,0.0,33
ABBV,10-Q,2024-11-04,full_fallback,13200,0.031837,0.079193,0.88897,-0.047356,0.0,0.030303,33
ABBV,10-Q,2025-05-09,full_fallback,14000,0.044094,0.120162,0.835744,-0.076069,0.028571,0.085714,35
ABBV,10-Q,2025-08-04,full_fallback,13600,0.029862,0.065136,0.905002,-0.035274,0.0,0.0,34
ABBV,10-Q,2025-11-04,full_fallback,13600,0.032057,0.081148,0.886795,-0.049091,0.0,0.029412,34
ABBV,10-K,2016-02-19,mda,8000,0.052062,0.101855,0.846083,-0.049792,0.0,0.0,20
ABBV,10-K,2017-02-17,full_fallback,14000,0.203607,0.131614,0.664779,0.071993,0.171429,0.085714,35
ABBV,10-K,2018-02-16,full_fallback,14000,0.186404,0.146311,0.667284,0.040093,0.171429,0.085714,35
ABBV,10-K,2019-02-27,full_fallback,14000,0.158744,0.12814,0.713116,0.030604,0.142857,0.057143,35
ABBV,10-K,2020-02-21,full_fallback,13600,0.024537,0.419273,0.55619,-0.394736,0.0,0.441176,34
ABBV,10-K,2021-02-19,full_fallback,13200,0.047522,0.379895,0.572583,-0.332374,0.0,0.363636,33
ABBV,10-K,2022-02-18,full_fallback,13200,0.057881,0.353946,0.588173,-0.296065,0.0,0.333333,33
ABBV,10-K,2023-02-17,full_fallback,13200,0.06529,0.418656,0.516053,-0.353366,0.030303,0.454545,33
ABBV,10-K,2024-02-20,full_fallback,13200,0.054038,0.417866,0.528096,-0.363828,0.0,0.454545,33
ABBV,10-K,2025-02-14,full_fallback,13200,0.052599,0.453997,0.493404,-0.401398,0.0,0.484848,33
ABBV,10-K,2026-02-20,full_fallback,13200,0.051867,0.460878,0.487256,-0.409011,0.030303,0.484848,33
ABT,10-Q,2016-05-04,full_fallback,11600,0.125879,0.191381,0.68274,-0.065502,0.068966,0.172414,29
ABT,10-Q,2016-08-03,full_fallback,13600,0.102346,0.213336,0.684319,-0.11099,0.058824,0.176471,34
ABT,10-Q,2016-11-03,full_fallback,13600,0.069029,0.230097,0.700875,-0.161068,0.0,0.147059,34
ABT,10-Q,2017-05-03,full_fallback,12800,0.082543,0.224961,0.692496,-0.142419,0.0,0.21875,32
ABT,10-Q,2017-08-02,full_fallback,14400,0.086464,0.178658,0.734878,-0.092193,0.027778,0.111111,36
ABT,10-Q,2017-11-02,full_fallback,14400,0.062059,0.215504,0.722437,-0.153444,0.0,0.194444,36
ABT,10-Q,2018-05-02,full_fallback,13200,0.144171,0.115489,0.740339,0.028682,0.090909,0.060606,33
ABT,10-Q,2018-08-01,full_fallback,14800,0.13644,0.135338,0.728223,0.001102,0.081081,0.108108,37
ABT,10-Q,2018-10-31,full_fallback,14400,0.115026,0.139985,0.744989,-0.024958,0.055556,0.111111,36
ABT,10-Q,2019-05-01,full_fallback,10000,0.104982,0.183977,0.711041,-0.078994,0.08,0.16,25
ABT,10-Q,2019-07-31,full_fallback,16400,0.094447,0.141123,0.76443,-0.046676,0.073171,0.073171,41
ABT,10-Q,2019-10-31,full_fallback,16400,0.111077,0.148972,0.739951,-0.037895,0.097561,0.121951,41
ABT,10-Q,2020-04-29,full_fallback,15600,0.073452,0.181352,0.745196,-0.107899,0.076923,0.128205,39
ABT,10-Q,2020-07-29,full_fallback,16400,0.044333,0.225562,0.730104,-0.181229,0.0,0.170732,41
ABT,10-Q,2020-11-04,full_fallback,16400,0.070989,0.199859,0.729152,-0.12887,0.04878,0.146341,41
ABT,10-Q,2021-05-05,full_fallback,14400,0.13068,0.108132,0.761188,0.022547,0.111111,0.055556,36
ABT,10-Q,2021-08-04,full_fallback,16000,0.129617,0.133464,0.736919,-0.003847,0.125,0.05,40
ABT,10-Q,2021-11-03,full_fallback,16000,0.107,0.145471,0.747529,-0.03847,0.1,0.05,40
ABT,10-Q,2022-05-03,full_fallback,14800,0.101554,0.176172,0.722274,-0.074619,0.081081,0.162162,37
ABT,10-Q,2022-08-02,full_fallback,12400,0.080709,0.206054,0.713237,-0.125345,0.064516,0.16129,31
ABT,10-Q,2022-11-01,full_fallback,12400,0.093714,0.156563,0.749724,-0.062849,0.064516,0.129032,31
ABT,10-Q,2023-05-04,full_fallback,12000,0.067357,0.18055,0.752094,-0.113193,0.033333,0.133333,30
ABT,10-Q,2023-08-03,full_fallback,12800,0.120038,0.131743,0.748219,-0.011705,0.09375,0.0625,32
ABT,10-Q,2023-11-01,full_fallback,12800,0.093985,0.121948,0.784067,-0.027963,0.09375,0.0625,32
ABT,10-Q,2024-05-02,full_fallback,13600,0.114534,0.160699,0.724767,-0.046165,0.088235,0.117647,34
ABT,10-Q,2024-07-31,full_fallback,12800,0.073149,0.145794,0.781057,-0.072645,0.0625,0.09375,32
ABT,10-Q,2024-10-31,full_fallback,12800,0.047957,0.164549,0.787494,-0.116592,0.0,0.125,32
ABT,10-Q,2025-04-30,full_fallback,13600,0.088682,0.148986,0.762332,-0.060304,0.058824,0.117647,34
ABT,10-Q,2025-07-30,full_fallback,12800,0.05487,0.126883,0.818247,-0.072014,0.03125,0.0625,32
ABT,10-Q,2025-10-29,full_fallback,12800,0.062057,0.13206,0.805882,-0.070003,0.03125,0.0625,32
ABT,10-K,2016-02-19,mda,14400,0.239247,0.12944,0.631313,0.109807,0.166667,0.083333,36
ABT,10-K,2017-02-17,mda,1200,0.021485,0.439427,0.539088,-0.417942,0.0,0.333333,3
ABT,10-K,2018-02-16,mda,1200,0.020178,0.427275,0.552547,-0.407097,0.0,0.333333,3
ABT,10-K,2019-02-22,mda,1200,0.021573,0.427815,0.550612,-0.406243,0.0,0.333333,3
ABT,10-K,2020-02-21,mda,1200,0.017628,0.486751,0.495621,-0.469124,0.0,0.666667,3
ABT,10-K,2021-02-19,mda,1600,0.019459,0.623094,0.357447,-0.603635,0.0,0.75,4
ABT,10-K,2022-02-18,mda,1600,0.020516,0.629098,0.350386,-0.608582,0.0,0.75,4
ABT,10-K,2023-02-17,full_fallback,13600,0.124206,0.389294,0.4865,-0.265088,0.117647,0.411765,34
ABT,10-K,2024-02-16,full_fallback,13600,0.09552,0.444028,0.460453,-0.348508,0.088235,0.441176,34
ABT,10-K,2025-02-21,full_fallback,13600,0.07959,0.42778,0.49263,-0.34819,0.058824,0.411765,34
ABT,10-K,2026-02-20,full_fallback,13600,0.087902,0.394403,0.517695,-0.3065,0.058824,0.382353,34
ACN,10-Q,2016-03-24,full_fallback,14800,0.162086,0.247225,0.590688,-0.085139,0.189189,0.216216,37
ACN,10-Q,2016-06-23,full_fallback,14800,0.178794,0.329033,0.492173,-0.150239,0.162162,0.324324,37
ACN,10-Q,2016-12-21,full_fallback,12000,0.147112,0.206523,0.646365,-0.059412,0.133333,0.2,30
ACN,10-Q,2017-03-23,full_fallback,14000,0.152046,0.288898,0.559056,-0.136852,0.142857,0.285714,35
ACN,10-Q,2017-06-22,full_fallback,14400,0.219386,0.258673,0.521941,-0.039286,0.222222,0.222222,36
ACN,10-Q,2017-12-21,full_fallback,10800,0.194382,0.170652,0.634966,0.02373,0.222222,0.148148,27
ACN,10-Q,2018-03-22,full_fallback,14000,0.214853,0.222676,0.562471,-0.007823,0.2,0.2,35
ACN,10-Q,2018-06-28,full_fallback,14800,0.156847,0.274667,0.568486,-0.117821,0.108108,0.324324,37
ACN,10-Q,2018-12-20,full_fallback,12400,0.129367,0.163354,0.707279,-0.033988,0.096774,0.16129,31
ACN,10-Q,2019-03-28,full_fallback,14400,0.15779,0.262119,0.580091,-0.104329,0.166667,0.194444,36
ACN,10-Q,2019-06-27,full_fallback,14800,0.178098,0.200813,0.621089,-0.022715,0.162162,0.162162,37
ACN,10-Q,2019-12-19,full_fallback,12800,0.122783,0.200537,0.67668,-0.077754,0.09375,0.21875,32
ACN,10-Q,2020-03-19,full_fallback,14800,0.151136,0.192644,0.65622,-0.041508,0.135135,0.162162,37
ACN,10-Q,2020-06-25,full_fallback,14800,0.080104,0.313412,0.606485,-0.233308,0.027027,0.324324,37
ACN,10-Q,2020-12-17,full_fallback,12400,0.106917,0.281079,0.612004,-0.174162,0.096774,0.322581,31
ACN,10-Q,2021-03-18,full_fallback,14800,0.136401,0.26455,0.599049,-0.128149,0.081081,0.243243,37
ACN,10-Q,2021-06-24,full_fallback,14800,0.140426,0.251782,0.607792,-0.111356,0.108108,0.243243,37
ACN,10-Q,2021-12-16,full_fallback,12000,0.120259,0.236786,0.642955,-0.116526,0.1,0.233333,30
ACN,10-Q,2022-03-17,full_fallback,14800,0.148075,0.247449,0.604477,-0.099374,0.108108,0.27027,37
ACN,10-Q,2022-06-23,full_fallback,14800,0.127801,0.292012,0.580186,-0.164211,0.135135,0.27027,37
ACN,10-Q,2022-12-16,full_fallback,12400,0.11157,0.202187,0.686243,-0.090617,0.064516,0.193548,31
ACN,10-Q,2023-03-23,full_fallback,14400,0.130546,0.321515,0.54794,-0.190969,0.138889,0.277778,36
ACN,10-Q,2023-06-22,full_fallback,14800,0.117748,0.339841,0.542412,-0.222093,0.081081,0.324324,37
ACN,10-Q,2023-12-19,full_fallback,13600,0.069807,0.269996,0.660197,-0.200189,0.058824,0.235294,34
ACN,10-Q,2024-03-21,full_fallback,14400,0.079274,0.336673,0.584053,-0.257399,0.055556,0.333333,36
ACN,10-Q,2024-06-20,full_fallback,14800,0.070573,0.331927,0.5975,-0.261353,0.027027,0.324324,37
ACN,10-Q,2024-12-19,full_fallback,14000,0.13602,0.213569,0.650411,-0.077549,0.114286,0.228571,35
ACN,10-Q,2025-03-20,full_fallback,14400,0.111975,0.291293,0.596731,-0.179318,0.083333,0.222222,36
ACN,10-Q,2025-06-20,full_fallback,14800,0.144034,0.251431,0.604535,-0.107397,0.108108,0.27027,37
ACN,10-Q,2025-12-18,full_fallback,14400,0.089302,0.207202,0.703496,-0.117899,0.055556,0.194444,36
ACN,10-K,2016-10-28,full_fallback,14400,0.10323,0.315952,0.580817,-0.212722,0.111111,0.305556,36
ACN,10-K,2017-10-26,full_fallback,14000,0.091094,0.343065,0.565841,-0.251972,0.085714,0.371429,35
ACN,10-K,2018-10-24,full_fallback,14000,0.085545,0.305396,0.609059,-0.219851,0.057143,0.285714,35
ACN,10-K,2019-10-29,full_fallback,14000,0.109546,0.450589,0.439865,-0.341043,0.114286,0.514286,35
ACN,10-K,2020-10-22,full_fallback,14000,0.051565,0.569444,0.378991,-0.517879,0.028571,0.657143,35
ACN,10-K,2021-10-15,full_fallback,14000,0.027799,0.517668,0.454533,-0.489869,0.0,0.628571,35
ACN,10-K,2022-10-12,full_fallback,14000,0.033509,0.515707,0.450784,-0.482198,0.0,0.542857,35
ACN,10-K,2023-10-12,full_fallback,14000,0.030257,0.598465,0.371278,-0.568208,0.0,0.742857,35
ACN,10-K,2024-10-10,full_fallback,14000,0.03196,0.571464,0.396575,-0.539504,0.0,0.628571,35
ACN,10-K,2025-10-10,full_fallback,14000,0.032225,0.542563,0.425212,-0.510337,0.0,0.657143,35
ADBE,10-Q,2016-03-30,full_fallback,14400,0.191517,0.20227,0.606213,-0.010752,0.138889,0.166667,36
ADBE,10-Q,2016-06-29,full_fallback,14800,0.169277,0.191859,0.638864,-0.022582,0.162162,0.189189,37
ADBE,10-Q,2016-09-27,full_fallback,14800,0.151219,0.215611,0.63317,-0.064392,0.108108,0.189189,37
ADBE,10-Q,2017-03-29,full_fallback,14400,0.148968,0.226837,0.624195,-0.077869,0.111111,0.194444,36
ADBE,10-Q,2017-06-28,full_fallback,14800,0.147202,0.207225,0.645572,-0.060023,0.108108,0.135135,37
ADBE,10-Q,2017-09-27,full_fallback,14800,0.178296,0.151357,0.670347,0.026939,0.135135,0.108108,37
ADBE,10-Q,2018-03-28,full_fallback,14400,0.203049,0.151534,0.645417,0.051514,0.194444,0.083333,36
ADBE,10-Q,2018-06-27,full_fallback,14800,0.186923,0.132521,0.680556,0.054402,0.162162,0.108108,37
ADBE,10-Q,2018-09-26,full_fallback,14800,0.170031,0.144725,0.685244,0.025305,0.135135,0.081081,37
ADBE,10-Q,2019-03-27,full_fallback,14400,0.109908,0.090427,0.799664,0.019481,0.111111,0.055556,36
ADBE,10-Q,2019-06-26,full_fallback,14400,0.052742,0.090833,0.856425,-0.038092,0.027778,0.055556,36
ADBE,10-Q,2019-09-26,full_fallback,14400,0.029049,0.085472,0.885479,-0.056423,0.0,0.0,36
ADBE,10-Q,2020-03-25,full_fallback,14800,0.158289,0.136381,0.70533,0.021908,0.135135,0.081081,37
ADBE,10-Q,2020-06-24,full_fallback,14800,0.147012,0.141115,0.711873,0.005897,0.108108,0.108108,37
ADBE,10-Q,2020-09-23,full_fallback,14800,0.155206,0.157219,0.687574,-0.002013,0.135135,0.108108,37
ADBE,10-Q,2021-03-31,full_fallback,14400,0.163703,0.211255,0.625042,-0.047552,0.138889,0.194444,36
ADBE,10-Q,2021-06-30,full_fallback,14400,0.215627,0.138699,0.645674,0.076929,0.194444,0.111111,36
ADBE,10-Q,2021-09-29,full_fallback,14400,0.19635,0.126893,0.676758,0.069457,0.166667,0.083333,36
ADBE,10-Q,2022-03-30,full_fallback,14400,0.162632,0.191437,0.645931,-0.028805,0.138889,0.138889,36
ADBE,10-Q,2022-06-29,full_fallback,14800,0.133186,0.168537,0.698277,-0.035351,0.081081,0.135135,37
ADBE,10-Q,2022-09-28,full_fallback,14400,0.171577,0.150111,0.678312,0.021466,0.138889,0.083333,36
ADBE,10-Q,2023-03-29,full_fallback,14400,0.168435,0.131601,0.699964,0.036835,0.138889,0.055556,36
ADBE,10-Q,2023-06-28,full_fallback,14800,0.154515,0.124595,0.720889,0.02992,0.135135,0.054054,37
ADBE,10-Q,2023-09-27,full_fallback,14400,0.154415,0.112879,0.732707,0.041536,0.138889,0.027778,36
ADBE,10-Q,2024-03-27,full_fallback,14400,0.141389,0.197926,0.660685,-0.056537,0.111111,0.194444,36
ADBE,10-Q,2024-06-26,full_fallback,14800,0.148544,0.191021,0.660434,-0.042477,0.108108,0.216216,37
ADBE,10-Q,2024-09-25,full_fallback,14800,0.131685,0.17407,0.694245,-0.042385,0.081081,0.135135,37
ADBE,10-Q,2025-03-26,full_fallback,14400,0.122954,0.146457,0.730589,-0.023503,0.083333,0.111111,36
ADBE,10-Q,2025-06-25,full_fallback,14800,0.135964,0.159634,0.704402,-0.02367,0.108108,0.135135,37
ADBE,10-Q,2025-09-24,full_fallback,14800,0.130991,0.192156,0.676854,-0.061165,0.108108,0.216216,37
ADBE,10-K,2016-01-19,full_fallback,14000,0.042527,0.445609,0.511864,-0.403083,0.028571,0.485714,35
ADBE,10-K,2017-01-20,full_fallback,14000,0.036626,0.478146,0.485228,-0.44152,0.0,0.514286,35
ADBE,10-K,2018-01-22,full_fallback,14000,0.083836,0.44623,0.469934,-0.362394,0.057143,0.428571,35
ADBE,10-K,2019-01-25,full_fallback,14000,0.153095,0.501475,0.34543,-0.34838,0.171429,0.542857,35
ADBE,10-K,2020-01-21,full_fallback,13600,0.041495,0.562624,0.395881,-0.521129,0.0,0.647059,34
ADBE,10-K,2021-01-15,full_fallback,14000,0.054614,0.543528,0.401858,-0.488914,0.0,0.6,35
ADBE,10-K,2022-01-21,full_fallback,14000,0.040763,0.627012,0.332225,-0.586248,0.0,0.714286,35
ADBE,10-K,2023-01-17,full_fallback,14000,0.046573,0.598948,0.354479,-0.552375,0.0,0.685714,35
ADBE,10-K,2024-01-17,full_fallback,13600,0.06322,0.5164,0.42038,-0.45318,0.029412,0.617647,34
ADBE,10-K,2025-01-13,full_fallback,13600,0.060584,0.491228,0.448188,-0.430645,0.0,0.617647,34
ADBE,10-K,2026-01-15,full_fallback,13600,0.029585,0.604189,0.366226,-0.574604,0.0,0.735294,34
AMAT,10-Q,2016-02-25,mda,400,0.021766,0.032515,0.945718,-0.010749,0.0,0.0,1
AMAT,10-Q,2016-05-26,mda,400,0.021422,0.034301,0.944277,-0.012879,0.0,0.0,1
AMAT,10-Q,2016-08-25,mda,400,0.020943,0.035823,0.943234,-0.01488,0.0,0.0,1
AMAT,10-Q,2017-02-23,mda,400,0.021448,0.033128,0.945424,-0.01168,0.0,0.0,1
AMAT,10-Q,2017-05-25,mda,400,0.022248,0.032507,0.945245,-0.010258,0.0,0.0,1
AMAT,10-Q,2017-08-24,mda,400,0.021566,0.033052,0.945383,-0.011486,0.0,0.0,1
AMAT,10-Q,2018-02-22,mda,400,0.021579,0.032508,0.945912,-0.010929,0.0,0.0,1
AMAT,10-Q,2018-05-24,mda,400,0.021448,0.033128,0.945424,-0.01168,0.0,0.0,1
AMAT,10-Q,2018-08-23,mda,400,0.022013,0.033305,0.944682,-0.011292,0.0,0.0,1
AMAT,10-Q,2019-02-21,mda,400,0.021908,0.033724,0.944367,-0.011816,0.0,0.0,1
AMAT,10-Q,2019-05-23,mda,400,0.021614,0.033654,0.944732,-0.01204,0.0,0.0,1
AMAT,10-Q,2019-08-22,mda,400,0.022535,0.032306,0.945159,-0.009772,0.0,0.0,1
AMAT,10-Q,2020-02-20,mda,400,0.021882,0.031794,0.946324,-0.009912,0.0,0.0,1
AMAT,10-Q,2020-05-21,mda,400,0.021787,0.032977,0.945237,-0.01119,0.0,0.0,1
AMAT,10-Q,2020-08-20,mda,400,0.023922,0.033865,0.942213,-0.009942,0.0,0.0,1
AMAT,10-Q,2021-02-25,mda,400,0.024084,0.033366,0.94255,-0.009282,0.0,0.0,1
AMAT,10-Q,2021-05-27,mda,400,0.023922,0.033865,0.942213,-0.009942,0.0,0.0,1
AMAT,10-Q,2021-08-26,mda,400,0.023502,0.034682,0.941816,-0.01118,0.0,0.0,1
AMAT,10-Q,2022-02-24,mda,400,0.025008,0.032798,0.942195,-0.00779,0.0,0.0,1
AMAT,10-Q,2022-05-26,mda,400,0.024563,0.033046,0.942391,-0.008483,0.0,0.0,1
AMAT,10-Q,2022-08-25,mda,400,0.023423,0.034769,0.941809,-0.011346,0.0,0.0,1
AMAT,10-Q,2023-02-23,mda,400,0.022224,0.036567,0.941209,-0.014343,0.0,0.0,1
AMAT,10-Q,2023-05-26,mda,400,0.022506,0.035059,0.942435,-0.012554,0.0,0.0,1
AMAT,10-Q,2023-08-24,mda,400,0.023866,0.033009,0.943125,-0.009143,0.0,0.0,1
AMAT,10-Q,2024-02-27,mda,400,0.022731,0.035237,0.942032,-0.012506,0.0,0.0,1
AMAT,10-Q,2024-05-23,mda,400,0.022506,0.035059,0.942435,-0.012554,0.0,0.0,1
AMAT,10-Q,2024-08-22,mda,400,0.022506,0.035059,0.942435,-0.012554,0.0,0.0,1
AMAT,10-Q,2025-02-20,mda,400,0.022534,0.03525,0.942216,-0.012716,0.0,0.0,1
AMAT,10-Q,2025-05-22,mda,400,0.022742,0.034918,0.942341,-0.012176,0.0,0.0,1
AMAT,10-Q,2025-08-21,mda,400,0.022242,0.036113,0.941645,-0.013872,0.0,0.0,1
AMAT,10-Q,2026-02-19,mda,400,0.022072,0.036285,0.941643,-0.014213,0.0,0.0,1
AMAT,10-K,2016-12-15,mda,30000,0.116584,0.291626,0.591791,-0.175042,0.066667,0.293333,75
AMAT,10-K,2017-12-15,mda,28000,0.133475,0.211258,0.655268,-0.077783,0.1,0.185714,70
AMAT,10-K,2018-12-13,mda,27600,0.14664,0.216888,0.636472,-0.070248,0.115942,0.202899,69
AMAT,10-K,2019-12-13,mda,28400,0.065236,0.308282,0.626482,-0.243045,0.014085,0.295775,71
AMAT,10-K,2020-12-11,mda,31600,0.081185,0.309802,0.609013,-0.228616,0.025316,0.316456,79
AMAT,10-K,2021-12-17,mda,32000,0.104935,0.292759,0.602306,-0.187824,0.075,0.275,80
AMAT,10-K,2022-12-16,mda,32400,0.084468,0.327308,0.588224,-0.24284,0.024691,0.320988,81
AMAT,10-K,2023-12-15,mda,29200,0.102197,0.304897,0.592906,-0.2027,0.054795,0.315068,73
AMAT,10-K,2024-12-13,mda,20000,0.079153,0.332934,0.587913,-0.253781,0.04,0.36,50
AMAT,10-K,2025-12-12,mda,18800,0.06172,0.380447,0.557834,-0.318726,0.0,0.425532,47
AMD,10-Q,2016-04-28,full_fallback,14800,0.044184,0.471739,0.484077,-0.427555,0.027027,0.432432,37
AMD,10-Q,2016-07-26,full_fallback,15200,0.100107,0.312854,0.587038,-0.212747,0.052632,0.342105,38
AMD,10-Q,2016-10-26,full_fallback,14800,0.101898,0.353023,0.545079,-0.251126,0.054054,0.432432,37
AMD,10-Q,2017-05-08,full_fallback,14800,0.094255,0.280585,0.62516,-0.18633,0.081081,0.243243,37
AMD,10-Q,2017-08-03,full_fallback,15200,0.108297,0.276323,0.61538,-0.168026,0.052632,0.236842,38
AMD,10-Q,2017-11-02,full_fallback,15200,0.092671,0.271204,0.636124,-0.178533,0.052632,0.236842,38
AMD,10-Q,2018-05-03,full_fallback,14400,0.062081,0.321259,0.61666,-0.259179,0.0,0.305556,36
AMD,10-Q,2018-08-02,full_fallback,14800,0.123096,0.286648,0.590256,-0.163552,0.108108,0.189189,37
AMD,10-Q,2018-10-31,full_fallback,14800,0.119704,0.299506,0.58079,-0.179802,0.108108,0.243243,37
AMD,10-Q,2019-05-01,full_fallback,14400,0.05361,0.486098,0.460292,-0.432488,0.0,0.5,36
AMD,10-Q,2019-07-31,full_fallback,14800,0.070081,0.356546,0.573373,-0.286465,0.054054,0.297297,37
AMD,10-Q,2019-10-30,full_fallback,14800,0.074804,0.311846,0.61335,-0.237043,0.027027,0.216216,37
AMD,10-Q,2020-04-29,full_fallback,14400,0.091031,0.534932,0.374038,-0.443901,0.055556,0.611111,36
AMD,10-Q,2020-07-29,full_fallback,14400,0.091959,0.526867,0.381174,-0.434908,0.083333,0.555556,36
AMD,10-Q,2020-10-28,full_fallback,14400,0.117851,0.374376,0.507773,-0.256525,0.055556,0.361111,36
AMD,10-Q,2021-04-28,full_fallback,14400,0.106903,0.528498,0.364599,-0.421594,0.111111,0.583333,36
AMD,10-Q,2021-07-28,full_fallback,14400,0.12864,0.459036,0.412324,-0.330396,0.083333,0.5,36
AMD,10-Q,2021-10-27,full_fallback,14400,0.126753,0.528936,0.344311,-0.402182,0.111111,0.583333,36
AMD,10-Q,2022-05-04,full_fallback,14400,0.177758,0.290599,0.531644,-0.112841,0.166667,0.277778,36
AMD,10-Q,2022-08-03,full_fallback,14800,0.173255,0.155147,0.671598,0.018107,0.162162,0.054054,37
AMD,10-Q,2022-11-02,full_fallback,14800,0.096914,0.242788,0.660298,-0.145874,0.054054,0.189189,37
AMD,10-Q,2023-05-03,full_fallback,14400,0.040311,0.562305,0.397384,-0.521994,0.0,0.611111,36
AMD,10-Q,2023-08-02,full_fallback,14400,0.053193,0.46757,0.479237,-0.414378,0.0,0.555556,36
AMD,10-Q,2023-11-01,full_fallback,14400,0.064669,0.468105,0.467226,-0.403436,0.027778,0.527778,36
AMD,10-Q,2024-05-01,full_fallback,14400,0.061926,0.577292,0.360783,-0.515366,0.027778,0.666667,36
AMD,10-Q,2024-07-31,full_fallback,14400,0.097973,0.540072,0.361954,-0.442099,0.083333,0.611111,36
AMD,10-Q,2024-10-30,full_fallback,14400,0.074449,0.495757,0.429794,-0.421307,0.027778,0.555556,36
AMD,10-Q,2025-05-07,full_fallback,14400,0.083549,0.559437,0.357014,-0.475887,0.055556,0.666667,36
AMD,10-Q,2025-08-06,full_fallback,14800,0.068244,0.38846,0.543296,-0.320216,0.027027,0.432432,37
AMD,10-Q,2025-11-05,full_fallback,14400,0.094873,0.425364,0.479762,-0.330491,0.055556,0.5,36
AMD,10-K,2016-02-18,full_fallback,14400,0.043727,0.428858,0.527414,-0.385131,0.0,0.388889,36
AMD,10-K,2017-02-21,full_fallback,14400,0.090273,0.389946,0.519781,-0.299672,0.055556,0.361111,36
AMD,10-K,2018-02-27,full_fallback,14400,0.066796,0.404794,0.52841,-0.337998,0.0,0.416667,36
AMD,10-K,2019-02-08,full_fallback,14400,0.038996,0.495304,0.4657,-0.456308,0.0,0.5,36
AMD,10-K,2020-02-04,full_fallback,14000,0.035208,0.636502,0.328289,-0.601294,0.0,0.657143,35
AMD,10-K,2021-01-29,full_fallback,14000,0.032875,0.691345,0.27578,-0.658469,0.0,0.8,35
AMD,10-K,2022-02-03,full_fallback,14000,0.025863,0.725274,0.248863,-0.699411,0.0,0.857143,35
AMD,10-K,2023-02-27,full_fallback,14000,0.029424,0.667228,0.303348,-0.637805,0.0,0.828571,35
AMD,10-K,2024-01-31,full_fallback,14000,0.027561,0.683572,0.288867,-0.656012,0.0,0.742857,35
AMD,10-K,2025-02-05,full_fallback,14000,0.030883,0.694784,0.274334,-0.663901,0.0,0.828571,35
AMD,10-K,2026-02-04,full_fallback,14000,0.022282,0.728358,0.24936,-0.706076,0.0,0.828571,35
AMZN,10-Q,2016-04-29,full_fallback,14000,0.116269,0.224469,0.659261,-0.1082,0.057143,0.171429,35
AMZN,10-Q,2016-07-29,full_fallback,14400,0.118949,0.188726,0.692325,-0.069777,0.083333,0.111111,36
AMZN,10-Q,2016-10-28,full_fallback,14400,0.127638,0.175623,0.696738,-0.047985,0.083333,0.083333,36
AMZN,10-Q,2017-04-28,full_fallback,14000,0.10445,0.243456,0.652094,-0.139005,0.057143,0.2,35
AMZN,10-Q,2017-07-28,full_fallback,14400,0.106394,0.190695,0.702911,-0.084301,0.055556,0.111111,36
AMZN,10-Q,2017-10-27,full_fallback,14400,0.091699,0.2122,0.696101,-0.1205,0.083333,0.166667,36
AMZN,10-Q,2018-04-27,full_fallback,14400,0.121546,0.149527,0.728928,-0.027981,0.055556,0.083333,36
AMZN,10-Q,2018-07-27,full_fallback,14800,0.102785,0.162586,0.734629,-0.059802,0.054054,0.081081,37
AMZN,10-Q,2018-10-26,full_fallback,14400,0.103322,0.16115,0.735528,-0.057828,0.055556,0.138889,36
AMZN,10-Q,2019-04-26,full_fallback,14400,0.087794,0.161648,0.750558,-0.073854,0.027778,0.111111,36
AMZN,10-Q,2019-07-26,full_fallback,14800,0.087688,0.138044,0.774268,-0.050356,0.027027,0.054054,37
AMZN,10-Q,2019-10-25,full_fallback,14800,0.088104,0.15195,0.759945,-0.063846,0.054054,0.108108,37
AMZN,10-Q,2020-05-01,full_fallback,14400,0.090031,0.221515,0.688455,-0.131484,0.055556,0.166667,36
AMZN,10-Q,2020-07-31,full_fallback,14400,0.097098,0.220055,0.682846,-0.122957,0.055556,0.166667,36
AMZN,10-Q,2020-10-30,full_fallback,14400,0.083067,0.169588,0.747345,-0.086522,0.027778,0.083333,36
AMZN,10-Q,2021-04-30,full_fallback,14000,0.084056,0.218532,0.697413,-0.134476,0.057143,0.171429,35
AMZN,10-Q,2021-07-30,full_fallback,14400,0.084961,0.198607,0.716431,-0.113646,0.055556,0.166667,36
AMZN,10-Q,2021-10-29,full_fallback,14400,0.086335,0.241194,0.672471,-0.154859,0.055556,0.194444,36
AMZN,10-Q,2022-04-29,full_fallback,14000,0.063912,0.234611,0.701477,-0.170699,0.028571,0.171429,35
AMZN,10-Q,2022-07-29,full_fallback,14400,0.083521,0.243708,0.672771,-0.160187,0.055556,0.194444,36
AMZN,10-Q,2022-10-28,full_fallback,14400,0.0843,0.214168,0.701532,-0.129869,0.055556,0.111111,36
AMZN,10-Q,2023-04-28,full_fallback,14400,0.091644,0.192287,0.716069,-0.100643,0.055556,0.138889,36
AMZN,10-Q,2023-08-04,full_fallback,14400,0.080421,0.199663,0.719916,-0.119243,0.055556,0.166667,36
AMZN,10-Q,2023-10-27,full_fallback,14400,0.100949,0.203336,0.695715,-0.102388,0.083333,0.166667,36
AMZN,10-Q,2024-05-01,full_fallback,14000,0.086237,0.189219,0.724544,-0.102982,0.057143,0.085714,35
AMZN,10-Q,2024-08-02,full_fallback,14400,0.106408,0.179013,0.714578,-0.072605,0.111111,0.166667,36
AMZN,10-Q,2024-11-01,full_fallback,14400,0.082067,0.192196,0.725737,-0.110129,0.055556,0.166667,36
AMZN,10-Q,2025-05-02,full_fallback,14000,0.082019,0.192898,0.725083,-0.110878,0.028571,0.171429,35
AMZN,10-Q,2025-08-01,full_fallback,14400,0.093897,0.147976,0.758127,-0.054079,0.055556,0.055556,36
AMZN,10-Q,2025-10-31,full_fallback,14400,0.091245,0.155272,0.753483,-0.064027,0.027778,0.083333,36
AMZN,10-K,2016-01-29,full_fallback,14400,0.14357,0.14399,0.71244,-0.00042,0.083333,0.083333,36
AMZN,10-K,2017-02-10,full_fallback,14400,0.131071,0.128732,0.740197,0.002339,0.055556,0.055556,36
AMZN,10-K,2018-02-02,full_fallback,14400,0.139596,0.134718,0.725686,0.004878,0.111111,0.027778,36
AMZN,10-K,2019-02-01,full_fallback,14400,0.140159,0.114136,0.745705,0.026022,0.111111,0.083333,36
AMZN,10-K,2020-01-31,full_fallback,14000,0.120788,0.208009,0.671203,-0.087221,0.085714,0.171429,35
AMZN,10-K,2021-02-03,full_fallback,14000,0.115961,0.224661,0.659378,-0.108699,0.085714,0.228571,35
AMZN,10-K,2022-02-04,full_fallback,14000,0.110063,0.289582,0.600355,-0.179519,0.057143,0.257143,35
AMZN,10-K,2023-02-03,full_fallback,13600,0.106202,0.292178,0.601619,-0.185976,0.088235,0.294118,34
AMZN,10-K,2024-02-02,full_fallback,13600,0.130431,0.262909,0.60666,-0.132478,0.147059,0.235294,34
AMZN,10-K,2025-02-07,full_fallback,13600,0.12291,0.250227,0.626863,-0.127316,0.088235,0.205882,34
AMZN,10-K,2026-02-06,full_fallback,13600,0.107868,0.291238,0.600894,-0.18337,0.058824,0.294118,34
AVGO,10-Q,2018-06-14,full_fallback,14800,0.124987,0.261282,0.613732,-0.136295,0.108108,0.162162,37
AVGO,10-Q,2018-09-13,full_fallback,14800,0.094947,0.289086,0.615966,-0.194139,0.054054,0.216216,37
AVGO,10-Q,2019-03-15,full_fallback,14800,0.076871,0.20021,0.722918,-0.123339,0.027027,0.135135,37
AVGO,10-Q,2019-06-14,full_fallback,15600,0.036133,0.110613,0.853254,-0.074479,0.0,0.0,39
AVGO,10-Q,2019-09-13,full_fallback,15200,0.039152,0.097068,0.863781,-0.057916,0.0,0.026316,38
AVGO,10-Q,2020-03-13,full_fallback,14800,0.07251,0.274195,0.653295,-0.201685,0.027027,0.27027,37
AVGO,10-Q,2020-06-12,full_fallback,14800,0.093031,0.2447,0.66227,-0.151669,0.054054,0.243243,37
AVGO,10-Q,2020-09-11,full_fallback,14400,0.096756,0.242128,0.661116,-0.145372,0.083333,0.194444,36
AVGO,10-Q,2021-03-12,full_fallback,14000,0.09681,0.420605,0.482585,-0.323795,0.085714,0.371429,35
AVGO,10-Q,2021-06-11,full_fallback,14400,0.106128,0.356004,0.537868,-0.249876,0.083333,0.277778,36
AVGO,10-Q,2021-09-09,full_fallback,14400,0.109646,0.312433,0.57792,-0.202787,0.083333,0.277778,36
AVGO,10-Q,2022-03-10,full_fallback,14000,0.038568,0.563412,0.39802,-0.524844,0.0,0.628571,35
AVGO,10-Q,2022-06-09,full_fallback,14400,0.039131,0.424846,0.536023,-0.385716,0.0,0.472222,36
AVGO,10-Q,2022-09-08,full_fallback,14400,0.038428,0.40876,0.552812,-0.370332,0.0,0.388889,36
AVGO,10-Q,2023-03-08,full_fallback,14000,0.040147,0.54066,0.419193,-0.500513,0.0,0.657143,35
AVGO,10-Q,2023-06-07,full_fallback,14400,0.058305,0.490783,0.450913,-0.432478,0.027778,0.527778,36
AVGO,10-Q,2023-09-06,full_fallback,14400,0.089052,0.406662,0.504286,-0.31761,0.027778,0.416667,36
AVGO,10-Q,2024-03-14,full_fallback,14000,0.081581,0.359888,0.55853,-0.278307,0.057143,0.314286,35
AVGO,10-Q,2024-06-13,full_fallback,14400,0.072302,0.319404,0.608294,-0.247103,0.0,0.388889,36
AVGO,10-Q,2024-09-11,full_fallback,14400,0.081284,0.334096,0.58462,-0.252811,0.055556,0.333333,36
AVGO,10-Q,2025-03-12,full_fallback,14000,0.059281,0.502724,0.437995,-0.443444,0.028571,0.571429,35
AVGO,10-Q,2025-06-11,full_fallback,14400,0.048172,0.397562,0.554266,-0.34939,0.027778,0.388889,36
AVGO,10-Q,2025-09-10,full_fallback,14400,0.058691,0.327307,0.614002,-0.268617,0.027778,0.333333,36
AVGO,10-K,2018-12-21,full_fallback,14400,0.035743,0.386134,0.578123,-0.350391,0.0,0.416667,36
AVGO,10-K,2019-12-20,full_fallback,14000,0.024466,0.652364,0.32317,-0.627898,0.0,0.742857,35
AVGO,10-K,2020-12-18,full_fallback,14000,0.024772,0.630086,0.345143,-0.605314,0.0,0.685714,35
AVGO,10-K,2021-12-17,full_fallback,14000,0.023856,0.714475,0.261669,-0.69062,0.0,0.771429,35
AVGO,10-K,2022-12-16,full_fallback,14000,0.026086,0.720804,0.25311,-0.694718,0.0,0.8,35
AVGO,10-K,2023-12-14,full_fallback,14000,0.030458,0.726249,0.243294,-0.695791,0.0,0.828571,35
AVGO,10-K,2024-12-20,full_fallback,14000,0.026613,0.735498,0.237888,-0.708885,0.0,0.828571,35
AVGO,10-K,2025-12-18,full_fallback,14000,0.022035,0.732198,0.245767,-0.710162,0.0,0.885714,35
AXP,10-Q,2016-04-27,full_fallback,15200,0.172108,0.20153,0.626361,-0.029422,0.157895,0.184211,38
AXP,10-Q,2016-07-26,full_fallback,15600,0.124837,0.245106,0.630057,-0.120269,0.102564,0.205128,39
AXP,10-Q,2016-10-25,full_fallback,15600,0.088202,0.295116,0.616682,-0.206914,0.025641,0.307692,39
AXP,10-Q,2017-04-27,full_fallback,14800,0.123873,0.230766,0.645361,-0.106894,0.135135,0.162162,37
AXP,10-Q,2017-07-25,full_fallback,16000,0.135427,0.180876,0.683697,-0.045449,0.125,0.1,40
AXP,10-Q,2017-10-24,full_fallback,15600,0.147154,0.23515,0.617697,-0.087996,0.128205,0.230769,39
AXP,10-Q,2018-04-25,full_fallback,14800,0.218555,0.112481,0.668964,0.106074,0.243243,0.027027,37
AXP,10-Q,2018-07-24,full_fallback,15200,0.134677,0.122238,0.743086,0.012439,0.078947,0.052632,38
AXP,10-Q,2018-10-23,full_fallback,15200,0.111632,0.147558,0.74081,-0.035925,0.078947,0.078947,38
AXP,10-Q,2019-04-23,full_fallback,14800,0.159888,0.164974,0.675138,-0.005086,0.135135,0.108108,37
AXP,10-Q,2019-07-23,full_fallback,15600,0.099574,0.136438,0.763987,-0.036864,0.076923,0.076923,39
AXP,10-Q,2019-10-21,full_fallback,15200,0.143014,0.134143,0.722843,0.008871,0.157895,0.052632,38
AXP,10-Q,2020-04-24,full_fallback,14400,0.073042,0.312514,0.614444,-0.239473,0.055556,0.305556,36
AXP,10-Q,2020-07-24,full_fallback,14800,0.071007,0.283327,0.645666,-0.212321,0.027027,0.27027,37
AXP,10-Q,2020-10-23,full_fallback,14800,0.074114,0.321856,0.60403,-0.247742,0.027027,0.297297,37
AXP,10-Q,2021-04-23,full_fallback,14400,0.069674,0.325006,0.605321,-0.255332,0.027778,0.333333,36
AXP,10-Q,2021-07-23,full_fallback,14800,0.088241,0.233146,0.678613,-0.144905,0.027027,0.243243,37
AXP,10-Q,2021-10-22,full_fallback,14800,0.149787,0.163137,0.687076,-0.01335,0.108108,0.135135,37
AXP,10-Q,2022-04-22,full_fallback,14400,0.164517,0.136303,0.699179,0.028214,0.138889,0.111111,36
AXP,10-Q,2022-07-22,full_fallback,14800,0.197076,0.073811,0.729114,0.123265,0.216216,0.0,37
AXP,10-Q,2022-10-21,full_fallback,14800,0.205557,0.119258,0.675185,0.0863,0.162162,0.054054,37
AXP,10-Q,2023-04-21,full_fallback,14400,0.239269,0.073338,0.687393,0.165931,0.222222,0.027778,36
AXP,10-Q,2023-07-25,full_fallback,14800,0.204431,0.143873,0.651696,0.060558,0.189189,0.108108,37
AXP,10-Q,2023-10-20,full_fallback,14800,0.174284,0.115919,0.709798,0.058365,0.162162,0.054054,37
AXP,10-Q,2024-04-19,full_fallback,14400,0.159135,0.1228,0.718065,0.036335,0.138889,0.083333,36
AXP,10-Q,2024-07-19,full_fallback,15200,0.17391,0.211707,0.614383,-0.037797,0.131579,0.157895,38
AXP,10-Q,2024-10-18,full_fallback,14800,0.187579,0.17136,0.641062,0.016219,0.162162,0.081081,37
AXP,10-Q,2025-04-18,full_fallback,14400,0.196134,0.128707,0.675159,0.067427,0.222222,0.055556,36
AXP,10-Q,2025-07-18,full_fallback,15200,0.255465,0.112554,0.63198,0.142911,0.263158,0.052632,38
AXP,10-Q,2025-10-17,full_fallback,14800,0.275383,0.120135,0.604481,0.155248,0.297297,0.027027,37
AXP,10-K,2016-02-19,mda,400,0.028101,0.030222,0.941677,-0.002121,0.0,0.0,1
AXP,10-K,2017-02-17,mda,800,0.02343,0.034546,0.942024,-0.011115,0.0,0.0,2
AXP,10-K,2018-02-16,mda,800,0.023717,0.031706,0.944577,-0.00799,0.0,0.0,2
AXP,10-K,2019-02-13,mda,800,0.022224,0.034183,0.943593,-0.01196,0.0,0.0,2
AXP,10-K,2020-02-13,mda,800,0.021656,0.035998,0.942346,-0.014342,0.0,0.0,2
AXP,10-K,2021-02-12,mda,800,0.021399,0.03665,0.941952,-0.015251,0.0,0.0,2
AXP,10-K,2022-02-11,mda,800,0.022427,0.035108,0.942465,-0.012681,0.0,0.0,2
AXP,10-K,2023-02-10,mda,800,0.021273,0.036715,0.942012,-0.015442,0.0,0.0,2
AXP,10-K,2024-02-09,mda,800,0.021115,0.037078,0.941807,-0.015962,0.0,0.0,2
AXP,10-K,2025-02-07,mda,800,0.021125,0.037193,0.941683,-0.016068,0.0,0.0,2
AXP,10-K,2026-02-06,mda,800,0.021524,0.038573,0.939902,-0.017049,0.0,0.0,2
BAC,10-Q,2016-05-02,mda,400,0.032063,0.063096,0.904841,-0.031034,0.0,0.0,1
BAC,10-Q,2016-08-01,mda,400,0.039957,0.046501,0.913542,-0.006544,0.0,0.0,1
BAC,10-Q,2016-11-01,mda,400,0.023196,0.062182,0.914622,-0.038985,0.0,0.0,1
BAC,10-Q,2017-05-02,mda,400,0.02307,0.10508,0.87185,-0.08201,0.0,0.0,1
BAC,10-Q,2017-07-31,mda,400,0.026388,0.128005,0.845607,-0.101617,0.0,0.0,1
BAC,10-Q,2017-10-30,mda,400,0.026342,0.124572,0.849087,-0.09823,0.0,0.0,1
BAC,10-Q,2018-04-30,mda,400,0.020797,0.118691,0.860512,-0.097893,0.0,0.0,1
BAC,10-Q,2018-07-30,mda,400,0.023179,0.113323,0.863499,-0.090144,0.0,0.0,1
BAC,10-Q,2018-10-29,mda,400,0.022419,0.095219,0.882362,-0.0728,0.0,0.0,1
BAC,10-Q,2019-04-26,mda,400,0.024559,0.175126,0.800315,-0.150566,0.0,0.0,1
BAC,10-Q,2019-07-29,mda,400,0.020915,0.107317,0.871768,-0.086402,0.0,0.0,1
BAC,10-Q,2019-10-28,mda,400,0.022993,0.135099,0.841908,-0.112107,0.0,0.0,1
BAC,10-Q,2020-05-01,mda,400,0.018231,0.089972,0.891798,-0.071741,0.0,0.0,1
BAC,10-Q,2020-07-31,mda,400,0.017991,0.072027,0.909982,-0.054036,0.0,0.0,1
BAC,10-Q,2020-10-30,mda,400,0.018803,0.0621,0.919096,-0.043297,0.0,0.0,1
BAC,10-Q,2021-04-29,mda,400,0.023191,0.113148,0.863662,-0.089957,0.0,0.0,1
BAC,10-Q,2021-07-30,mda,400,0.02079,0.097973,0.881238,-0.077183,0.0,0.0,1
BAC,10-Q,2021-10-29,mda,400,0.02027,0.066057,0.913673,-0.045788,0.0,0.0,1
BAC,10-Q,2022-04-29,mda,400,0.018434,0.080716,0.90085,-0.062282,0.0,0.0,1
BAC,10-Q,2022-07-29,mda,400,0.018453,0.069814,0.911733,-0.051361,0.0,0.0,1
BAC,10-Q,2022-10-28,mda,400,0.018689,0.06182,0.91949,-0.043131,0.0,0.0,1
BAC,10-Q,2023-05-01,mda,400,0.01901,0.073115,0.907875,-0.054105,0.0,0.0,1
BAC,10-Q,2023-07-31,mda,400,0.018553,0.065817,0.91563,-0.047264,0.0,0.0,1
BAC,10-Q,2023-10-31,mda,400,0.01877,0.062702,0.918528,-0.043931,0.0,0.0,1
BAC,10-Q,2024-04-30,mda,400,0.019134,0.080743,0.900124,-0.061609,0.0,0.0,1
BAC,10-Q,2024-07-30,mda,400,0.018185,0.074861,0.906954,-0.056676,0.0,0.0,1
BAC,10-Q,2024-10-29,mda,400,0.01859,0.066968,0.914442,-0.048378,0.0,0.0,1
BAC,10-Q,2025-04-30,mda,400,0.018871,0.08842,0.892708,-0.069549,0.0,0.0,1
BAC,10-Q,2025-07-31,mda,400,0.017941,0.08296,0.899099,-0.065019,0.0,0.0,1
BAC,10-Q,2025-10-31,mda,400,0.017941,0.08296,0.899099,-0.065019,0.0,0.0,1
BAC,10-K,2016-02-24,full_fallback,14400,0.064935,0.14784,0.787224,-0.082905,0.0,0.111111,36
BAC,10-K,2017-02-23,full_fallback,14400,0.090381,0.243973,0.665646,-0.153592,0.055556,0.194444,36
BAC,10-K,2018-02-22,full_fallback,14000,0.084152,0.101868,0.81398,-0.017716,0.028571,0.057143,35
BAC,10-K,2019-02-26,full_fallback,13600,0.026744,0.365502,0.607754,-0.338757,0.0,0.382353,34
BAC,10-K,2020-02-19,full_fallback,12800,0.025535,0.334727,0.639738,-0.309192,0.0,0.3125,32
BAC,10-K,2021-02-24,full_fallback,13600,0.038658,0.522183,0.439159,-0.483525,0.0,0.588235,34
BAC,10-K,2022-02-22,full_fallback,13600,0.044762,0.467206,0.488032,-0.422445,0.0,0.441176,34
BAC,10-K,2023-02-22,full_fallback,13600,0.05217,0.421117,0.526713,-0.368947,0.029412,0.441176,34
BAC,10-K,2024-02-20,full_fallback,13600,0.057117,0.399588,0.543295,-0.34247,0.029412,0.441176,34
BAC,10-K,2025-02-25,full_fallback,13600,0.049266,0.335627,0.615107,-0.286361,0.029412,0.352941,34
BRK-B,10-Q,2016-05-06,full_fallback,14000,0.062055,0.352749,0.585196,-0.290694,0.028571,0.371429,35
BRK-B,10-Q,2016-08-05,full_fallback,14000,0.077882,0.363962,0.558156,-0.28608,0.028571,0.371429,35
BRK-B,10-Q,2016-11-04,full_fallback,14000,0.091477,0.318878,0.589645,-0.227401,0.057143,0.285714,35
BRK-B,10-Q,2017-05-05,full_fallback,14000,0.19084,0.28841,0.52075,-0.097569,0.171429,0.257143,35
BRK-B,10-Q,2017-08-04,full_fallback,14000,0.159515,0.274596,0.565889,-0.115081,0.142857,0.257143,35
BRK-B,10-Q,2017-11-03,full_fallback,14400,0.148205,0.297548,0.554246,-0.149343,0.111111,0.305556,36
BRK-B,10-Q,2018-05-07,full_fallback,14000,0.162978,0.264215,0.572807,-0.101236,0.142857,0.228571,35
BRK-B,10-Q,2018-08-06,full_fallback,14000,0.170568,0.256533,0.5729,-0.085965,0.171429,0.257143,35
BRK-B,10-Q,2018-11-05,full_fallback,14000,0.147126,0.225732,0.627143,-0.078606,0.114286,0.2,35
BRK-B,10-Q,2019-05-06,full_fallback,14000,0.088309,0.333338,0.578353,-0.245029,0.057143,0.314286,35
BRK-B,10-Q,2019-08-05,full_fallback,14400,0.030346,0.086303,0.88335,-0.055957,0.0,0.0,36
BRK-B,10-Q,2019-11-04,full_fallback,14000,0.027463,0.095744,0.876793,-0.068281,0.0,0.028571,35
BRK-B,10-Q,2020-05-04,full_fallback,14400,0.026549,0.189697,0.783754,-0.163148,0.0,0.166667,36
BRK-B,10-Q,2020-08-10,full_fallback,14400,0.028442,0.1164,0.855157,-0.087958,0.0,0.055556,36
BRK-B,10-Q,2020-11-09,full_fallback,14000,0.035202,0.097737,0.867061,-0.062535,0.0,0.028571,35
BRK-B,10-Q,2021-05-03,full_fallback,14400,0.034642,0.190713,0.774644,-0.156071,0.0,0.138889,36
BRK-B,10-Q,2021-08-09,full_fallback,14000,0.026616,0.112101,0.861284,-0.085485,0.0,0.057143,35
BRK-B,10-Q,2021-11-08,full_fallback,14000,0.025717,0.106587,0.867696,-0.080871,0.0,0.057143,35
BRK-B,10-Q,2022-05-02,full_fallback,14400,0.060453,0.152119,0.787428,-0.091666,0.0,0.111111,36
BRK-B,10-Q,2022-08-08,full_fallback,14000,0.028208,0.133212,0.838579,-0.105004,0.0,0.057143,35
BRK-B,10-Q,2022-11-07,full_fallback,14400,0.025845,0.137285,0.83687,-0.111439,0.0,0.083333,36
BRK-B,10-Q,2023-05-08,full_fallback,14800,0.025784,0.094552,0.879665,-0.068768,0.0,0.027027,37
BRK-B,10-Q,2023-08-07,full_fallback,14000,0.026268,0.11154,0.862192,-0.085272,0.0,0.057143,35
BRK-B,10-Q,2023-11-06,full_fallback,14000,0.027796,0.122629,0.849575,-0.094832,0.0,0.057143,35
BRK-B,10-Q,2024-05-06,full_fallback,14400,0.037607,0.145345,0.817047,-0.107738,0.0,0.111111,36
BRK-B,10-Q,2024-08-05,full_fallback,14000,0.038303,0.129192,0.832505,-0.09089,0.0,0.028571,35
BRK-B,10-Q,2024-11-04,full_fallback,14000,0.031654,0.105794,0.862552,-0.07414,0.0,0.028571,35
BRK-B,10-Q,2025-05-05,full_fallback,14400,0.034185,0.174831,0.790984,-0.140646,0.0,0.083333,36
BRK-B,10-Q,2025-08-04,full_fallback,14400,0.026943,0.155145,0.817912,-0.128202,0.0,0.055556,36
BRK-B,10-Q,2025-11-03,full_fallback,14400,0.028808,0.181105,0.790086,-0.152297,0.0,0.111111,36
BRK-B,10-K,2016-02-29,full_fallback,13600,0.104585,0.30873,0.586685,-0.204145,0.058824,0.294118,34
BRK-B,10-K,2017-02-27,full_fallback,13600,0.13128,0.332957,0.535762,-0.201677,0.088235,0.352941,34
BRK-B,10-K,2018-02-26,full_fallback,13600,0.102072,0.360769,0.537158,-0.258697,0.058824,0.352941,34
BRK-B,10-K,2019-02-25,full_fallback,13600,0.186571,0.300215,0.513213,-0.113644,0.176471,0.294118,34
BRK-B,10-K,2020-02-24,full_fallback,13200,0.088927,0.027811,0.883263,0.061116,0.0,0.0,33
BRK-B,10-K,2021-03-01,full_fallback,13200,0.083616,0.053409,0.862975,0.030207,0.030303,0.030303,33
BRK-B,10-K,2022-02-28,full_fallback,13200,0.1028,0.101362,0.795837,0.001438,0.030303,0.090909,33
BRK-B,10-K,2023-02-27,full_fallback,13200,0.089906,0.102212,0.807881,-0.012306,0.0,0.090909,33
BRK-B,10-K,2024-02-26,full_fallback,13200,0.109105,0.031658,0.859237,0.077446,0.030303,0.0,33
BRK-B,10-K,2025-02-24,full_fallback,13200,0.092318,0.037236,0.870446,0.055082,0.030303,0.0,33
CAT,10-Q,2016-05-02,full_fallback,14800,0.029955,0.270544,0.699501,-0.240589,0.0,0.243243,37
CAT,10-Q,2016-08-03,full_fallback,15200,0.028321,0.176649,0.79503,-0.148329,0.0,0.105263,38
CAT,10-Q,2016-11-02,full_fallback,15200,0.02997,0.170145,0.799885,-0.140174,0.0,0.078947,38
CAT,10-Q,2017-05-03,full_fallback,14800,0.104705,0.198975,0.69632,-0.09427,0.135135,0.135135,37
CAT,10-Q,2017-08-02,full_fallback,15200,0.077497,0.150313,0.772191,-0.072816,0.052632,0.078947,38
CAT,10-Q,2017-11-01,full_fallback,14800,0.079977,0.158602,0.761421,-0.078625,0.081081,0.054054,37
CAT,10-Q,2018-05-02,full_fallback,14800,0.030238,0.148979,0.820783,-0.118741,0.0,0.081081,37
CAT,10-Q,2018-08-07,full_fallback,15200,0.026448,0.119527,0.854025,-0.093078,0.0,0.052632,38
CAT,10-Q,2018-10-31,full_fallback,15200,0.027139,0.147991,0.82487,-0.120852,0.0,0.052632,38
CAT,10-Q,2019-05-06,full_fallback,14800,0.09191,0.085264,0.822826,0.006646,0.081081,0.0,37
CAT,10-Q,2019-08-01,full_fallback,9200,0.024883,0.074785,0.900331,-0.049902,0.0,0.0,23
CAT,10-Q,2019-10-31,full_fallback,9200,0.028475,0.063776,0.907749,-0.035301,0.0,0.0,23
CAT,10-Q,2020-05-06,full_fallback,12400,0.028136,0.074422,0.897442,-0.046285,0.0,0.032258,31
CAT,10-Q,2020-08-05,full_fallback,12800,0.029173,0.077823,0.893005,-0.04865,0.0,0.0,32
CAT,10-Q,2020-11-04,full_fallback,13200,0.027108,0.086812,0.88608,-0.059705,0.0,0.0,33
CAT,10-Q,2021-05-05,full_fallback,14800,0.054758,0.097489,0.847753,-0.042731,0.027027,0.027027,37
CAT,10-Q,2021-08-04,full_fallback,14000,0.029555,0.088483,0.881962,-0.058928,0.0,0.0,35
CAT,10-Q,2021-11-03,full_fallback,14000,0.030493,0.10877,0.860737,-0.078277,0.0,0.057143,35
CAT,10-Q,2022-05-04,full_fallback,15200,0.031044,0.080281,0.888675,-0.049238,0.0,0.0,38
CAT,10-Q,2022-08-03,full_fallback,14800,0.029848,0.084048,0.886104,-0.054201,0.0,0.0,37
CAT,10-Q,2022-11-02,full_fallback,14800,0.029225,0.104757,0.866017,-0.075532,0.0,0.027027,37
CAT,10-Q,2023-05-03,full_fallback,15200,0.032362,0.091659,0.875978,-0.059297,0.0,0.026316,38
CAT,10-Q,2023-08-02,full_fallback,13600,0.02936,0.083918,0.886722,-0.054558,0.0,0.0,34
CAT,10-Q,2023-11-01,full_fallback,13600,0.029427,0.105916,0.864657,-0.07649,0.0,0.029412,34
CAT,10-Q,2024-05-01,full_fallback,14800,0.031647,0.102456,0.865897,-0.070809,0.0,0.0,37
CAT,10-Q,2024-08-07,full_fallback,13600,0.028599,0.095043,0.876358,-0.066444,0.0,0.0,34
CAT,10-Q,2024-11-06,full_fallback,13600,0.028472,0.087326,0.884201,-0.058854,0.0,0.0,34
CAT,10-Q,2025-05-07,full_fallback,14800,0.028895,0.095557,0.875549,-0.066662,0.0,0.0,37
CAT,10-Q,2025-08-06,full_fallback,14800,0.028416,0.110341,0.861243,-0.081925,0.0,0.054054,37
CAT,10-Q,2025-11-03,full_fallback,14800,0.028794,0.115278,0.855928,-0.086484,0.0,0.054054,37
CAT,10-K,2016-02-16,full_fallback,14400,0.10873,0.542548,0.348722,-0.433818,0.083333,0.583333,36
CAT,10-K,2017-02-15,full_fallback,14400,0.064415,0.552696,0.38289,-0.488281,0.055556,0.555556,36
CAT,10-K,2018-02-15,full_fallback,14400,0.180427,0.339982,0.479591,-0.159554,0.166667,0.333333,36
CAT,10-K,2019-02-14,full_fallback,14400,0.22531,0.23791,0.53678,-0.0126,0.194444,0.222222,36
CAT,10-K,2020-02-19,full_fallback,13600,0.042087,0.351511,0.606403,-0.309424,0.0,0.382353,34
CAT,10-K,2021-02-17,full_fallback,13600,0.050261,0.38972,0.56002,-0.339459,0.0,0.411765,34
CAT,10-K,2022-02-16,full_fallback,13600,0.050996,0.403881,0.545122,-0.352885,0.029412,0.5,34
CAT,10-K,2023-02-15,full_fallback,13600,0.047786,0.413879,0.538336,-0.366093,0.0,0.5,34
CAT,10-K,2024-02-16,full_fallback,13600,0.051855,0.385801,0.562344,-0.333946,0.029412,0.441176,34
CAT,10-K,2025-02-14,full_fallback,13600,0.040385,0.415329,0.544286,-0.374944,0.0,0.470588,34
CAT,10-K,2026-02-13,full_fallback,13600,0.040264,0.401414,0.558322,-0.36115,0.0,0.411765,34
CMCSA,10-Q,2016-04-27,full_fallback,14400,0.088463,0.211958,0.69958,-0.123495,0.027778,0.194444,36
CMCSA,10-Q,2016-07-27,full_fallback,15200,0.148772,0.204827,0.646401,-0.056055,0.131579,0.131579,38
CMCSA,10-Q,2016-10-26,full_fallback,15200,0.132636,0.232483,0.634881,-0.099847,0.105263,0.157895,38
CMCSA,10-Q,2017-04-27,full_fallback,14800,0.10708,0.188833,0.704087,-0.081753,0.054054,0.135135,37
CMCSA,10-Q,2017-07-27,full_fallback,15200,0.132851,0.239324,0.627825,-0.106473,0.078947,0.210526,38
CMCSA,10-Q,2017-10-26,full_fallback,15200,0.099926,0.290297,0.609778,-0.190371,0.052632,0.263158,38
CMCSA,10-Q,2018-04-25,full_fallback,14800,0.088517,0.204965,0.706518,-0.116447,0.027027,0.162162,37
CMCSA,10-Q,2018-07-26,full_fallback,14800,0.097556,0.202192,0.700252,-0.104636,0.081081,0.135135,37
CMCSA,10-Q,2018-10-25,full_fallback,14800,0.083265,0.223353,0.693382,-0.140088,0.054054,0.162162,37
CMCSA,10-Q,2019-04-25,full_fallback,14800,0.063444,0.323321,0.613234,-0.259877,0.0,0.324324,37
CMCSA,10-Q,2019-07-25,full_fallback,15600,0.047277,0.113175,0.839548,-0.065899,0.025641,0.025641,39
CMCSA,10-Q,2019-10-24,full_fallback,15600,0.042236,0.108621,0.849142,-0.066385,0.0,0.025641,39
CMCSA,10-Q,2020-04-30,full_fallback,14400,0.090039,0.339972,0.569989,-0.249933,0.111111,0.277778,36
CMCSA,10-Q,2020-07-30,full_fallback,14800,0.041167,0.354301,0.604532,-0.313134,0.0,0.378378,37
CMCSA,10-Q,2020-10-29,full_fallback,14400,0.049564,0.333476,0.61696,-0.283912,0.0,0.333333,36
CMCSA,10-Q,2021-04-29,full_fallback,14400,0.060357,0.297079,0.642564,-0.236723,0.027778,0.277778,36
CMCSA,10-Q,2021-07-29,full_fallback,14800,0.078609,0.295187,0.626204,-0.216578,0.027027,0.297297,37
CMCSA,10-Q,2021-10-28,full_fallback,14800,0.107747,0.274336,0.617917,-0.16659,0.108108,0.216216,37
CMCSA,10-Q,2022-04-28,full_fallback,14400,0.065798,0.28277,0.651432,-0.216972,0.0,0.277778,36
CMCSA,10-Q,2022-07-28,full_fallback,14800,0.075812,0.310651,0.613537,-0.234839,0.054054,0.243243,37
CMCSA,10-Q,2022-10-27,full_fallback,14800,0.060517,0.431518,0.507965,-0.371001,0.027027,0.432432,37
CMCSA,10-Q,2023-04-27,full_fallback,14400,0.04406,0.317435,0.638505,-0.273376,0.0,0.277778,36
CMCSA,10-Q,2023-07-27,full_fallback,14800,0.052398,0.310056,0.637547,-0.257658,0.0,0.297297,37
CMCSA,10-Q,2023-10-26,full_fallback,14800,0.044563,0.397991,0.557446,-0.353427,0.027027,0.378378,37
CMCSA,10-Q,2024-04-25,full_fallback,14000,0.049079,0.228278,0.722642,-0.179199,0.0,0.257143,35
CMCSA,10-Q,2024-07-23,full_fallback,14800,0.052085,0.292363,0.655553,-0.240278,0.027027,0.27027,37
CMCSA,10-Q,2024-10-31,full_fallback,14800,0.051962,0.284347,0.663691,-0.232386,0.0,0.27027,37
CMCSA,10-Q,2025-04-24,full_fallback,14400,0.062125,0.274545,0.66333,-0.21242,0.027778,0.277778,36
CMCSA,10-Q,2025-07-31,full_fallback,14800,0.083882,0.251774,0.664344,-0.167892,0.081081,0.216216,37
CMCSA,10-Q,2025-10-30,full_fallback,14800,0.044065,0.282236,0.673699,-0.238171,0.0,0.243243,37
CMCSA,10-K,2016-02-05,full_fallback,14400,0.186021,0.245656,0.568323,-0.059636,0.194444,0.194444,36
CMCSA,10-K,2017-02-03,full_fallback,14400,0.197583,0.290942,0.511475,-0.093359,0.222222,0.25,36
CMCSA,10-K,2018-01-31,full_fallback,14400,0.163608,0.286816,0.549576,-0.123208,0.111111,0.305556,36
CMCSA,10-K,2019-01-31,full_fallback,14400,0.150888,0.361612,0.4875,-0.210723,0.055556,0.388889,36
CMCSA,10-K,2020-01-30,full_fallback,14000,0.038261,0.408478,0.553261,-0.370218,0.0,0.457143,35
CMCSA,10-K,2021-02-04,full_fallback,14000,0.044051,0.358584,0.597365,-0.314534,0.0,0.4,35
CMCSA,10-K,2022-02-02,full_fallback,13600,0.044057,0.370968,0.584976,-0.326911,0.0,0.382353,34
CMCSA,10-K,2023-02-03,full_fallback,13600,0.043632,0.332219,0.62415,-0.288587,0.0,0.382353,34
CMCSA,10-K,2024-01-31,full_fallback,13600,0.038993,0.32722,0.633787,-0.288227,0.0,0.323529,34
CMCSA,10-K,2025-01-31,full_fallback,13600,0.048099,0.365016,0.586885,-0.316918,0.0,0.382353,34
CMCSA,10-K,2026-02-03,full_fallback,14000,0.05552,0.373363,0.571117,-0.317843,0.028571,0.428571,35
COST,10-Q,2016-03-09,full_fallback,12000,0.122137,0.251389,0.626474,-0.129253,0.1,0.233333,30
COST,10-Q,2016-06-01,full_fallback,12000,0.160079,0.185401,0.65452,-0.025322,0.133333,0.166667,30
COST,10-Q,2016-12-16,full_fallback,10400,0.151857,0.117267,0.730876,0.03459,0.153846,0.038462,26
COST,10-Q,2017-03-09,full_fallback,11600,0.132092,0.216188,0.65172,-0.084097,0.103448,0.206897,29
COST,10-Q,2017-06-01,full_fallback,12400,0.146076,0.136258,0.717665,0.009818,0.096774,0.064516,31
COST,10-Q,2017-12-21,full_fallback,10000,0.124949,0.160789,0.714262,-0.035839,0.12,0.08,25
COST,10-Q,2018-03-15,full_fallback,10800,0.125138,0.227219,0.647643,-0.10208,0.111111,0.185185,27
COST,10-Q,2018-06-07,full_fallback,11200,0.103016,0.275223,0.621762,-0.172207,0.071429,0.178571,28
COST,10-Q,2018-12-20,full_fallback,10000,0.108982,0.241424,0.649593,-0.132442,0.04,0.24,25
COST,10-Q,2019-03-13,full_fallback,11200,0.12348,0.181285,0.695235,-0.057804,0.107143,0.142857,28
COST,10-Q,2019-06-06,full_fallback,11600,0.117015,0.227021,0.655964,-0.110006,0.068966,0.241379,29
COST,10-Q,2019-12-23,full_fallback,11600,0.125114,0.170536,0.70435,-0.045422,0.103448,0.103448,29
COST,10-Q,2020-03-12,full_fallback,12800,0.073405,0.253483,0.673112,-0.180078,0.03125,0.21875,32
COST,10-Q,2020-06-04,full_fallback,14400,0.091265,0.314284,0.59445,-0.223019,0.055556,0.305556,36
COST,10-Q,2020-12-16,full_fallback,11200,0.129835,0.249671,0.620494,-0.119837,0.142857,0.25,28
COST,10-Q,2021-03-10,full_fallback,12800,0.099451,0.329205,0.571344,-0.229755,0.03125,0.34375,32
COST,10-Q,2021-06-03,full_fallback,12800,0.100146,0.317324,0.582529,-0.217178,0.09375,0.34375,32
COST,10-Q,2021-12-22,full_fallback,10800,0.090207,0.272249,0.637543,-0.182042,0.074074,0.259259,27
COST,10-Q,2022-03-10,full_fallback,12000,0.111944,0.301806,0.58625,-0.189862,0.133333,0.3,30
COST,10-Q,2022-06-02,full_fallback,12400,0.088343,0.31364,0.598017,-0.225296,0.032258,0.354839,31
COST,10-Q,2022-12-29,full_fallback,10800,0.099631,0.274068,0.6263,-0.174437,0.074074,0.259259,27
COST,10-Q,2023-03-09,full_fallback,12400,0.083503,0.267749,0.648748,-0.184246,0.0,0.290323,31
COST,10-Q,2023-06-01,full_fallback,12400,0.132233,0.249129,0.618637,-0.116896,0.096774,0.225806,31
COST,10-Q,2023-12-20,full_fallback,10400,0.150999,0.216974,0.632027,-0.065975,0.153846,0.192308,26
COST,10-Q,2024-03-13,full_fallback,12000,0.151615,0.160789,0.687596,-0.009174,0.133333,0.1,30
COST,10-Q,2024-06-06,full_fallback,12000,0.145603,0.206551,0.647846,-0.060948,0.133333,0.166667,30
COST,10-Q,2024-12-19,full_fallback,9600,0.156946,0.201066,0.641988,-0.044119,0.083333,0.208333,24
COST,10-Q,2025-03-13,full_fallback,11200,0.109649,0.251062,0.639289,-0.141413,0.107143,0.25,28
COST,10-Q,2025-06-05,full_fallback,11200,0.151677,0.179051,0.669272,-0.027374,0.178571,0.142857,28
COST,10-Q,2025-12-17,full_fallback,9600,0.187871,0.115311,0.696818,0.07256,0.208333,0.041667,24
COST,10-K,2016-10-12,full_fallback,14400,0.115756,0.204615,0.679629,-0.08886,0.083333,0.166667,36
COST,10-K,2017-10-18,full_fallback,14000,0.144538,0.167799,0.687663,-0.023262,0.142857,0.142857,35
COST,10-K,2018-10-26,full_fallback,14400,0.120205,0.271511,0.608284,-0.151306,0.138889,0.25,36
COST,10-K,2019-10-11,full_fallback,14400,0.10482,0.188235,0.706945,-0.083415,0.083333,0.166667,36
COST,10-K,2020-10-07,full_fallback,14000,0.104031,0.354825,0.541143,-0.250794,0.057143,0.4,35
COST,10-K,2021-10-06,full_fallback,14000,0.114863,0.335329,0.549808,-0.220466,0.085714,0.371429,35
COST,10-K,2022-10-05,full_fallback,14000,0.114616,0.30725,0.578134,-0.192635,0.085714,0.314286,35
COST,10-K,2023-10-11,full_fallback,14000,0.106369,0.290645,0.602986,-0.184276,0.057143,0.285714,35
COST,10-K,2024-10-09,full_fallback,14000,0.168395,0.241369,0.590235,-0.072974,0.171429,0.228571,35
COST,10-K,2025-10-08,full_fallback,14000,0.125086,0.292166,0.582748,-0.16708,0.114286,0.314286,35
CRM,10-Q,2016-05-20,full_fallback,14000,0.06963,0.050929,0.879441,0.018701,0.028571,0.0,35
CRM,10-Q,2016-09-01,full_fallback,14000,0.071894,0.069013,0.859092,0.002881,0.0,0.028571,35
CRM,10-Q,2016-11-21,full_fallback,14000,0.085507,0.059948,0.854545,0.025559,0.057143,0.0,35
CRM,10-Q,2017-05-22,full_fallback,14400,0.168818,0.084068,0.747115,0.08475,0.138889,0.027778,36
CRM,10-Q,2017-08-25,full_fallback,14400,0.183197,0.064713,0.75209,0.118484,0.166667,0.027778,36
CRM,10-Q,2017-11-22,full_fallback,14400,0.118647,0.093617,0.787735,0.02503,0.111111,0.055556,36
CRM,10-Q,2018-05-31,full_fallback,14400,0.183727,0.075849,0.740424,0.107878,0.166667,0.027778,36
CRM,10-Q,2018-08-31,full_fallback,14400,0.105234,0.063606,0.83116,0.041628,0.083333,0.027778,36
CRM,10-Q,2018-11-28,full_fallback,14400,0.081137,0.06639,0.852473,0.014747,0.055556,0.027778,36
CRM,10-Q,2019-06-05,full_fallback,14400,0.109987,0.069491,0.820523,0.040496,0.083333,0.027778,36
CRM,10-Q,2019-08-23,full_fallback,14400,0.075084,0.096716,0.8282,-0.021633,0.055556,0.055556,36
CRM,10-Q,2019-12-04,full_fallback,14400,0.043784,0.112809,0.843407,-0.069026,0.0,0.055556,36
CRM,10-Q,2020-06-01,full_fallback,14400,0.084479,0.209351,0.70617,-0.124872,0.027778,0.194444,36
CRM,10-Q,2020-08-28,full_fallback,14800,0.065392,0.176753,0.757856,-0.111361,0.027027,0.135135,37
CRM,10-Q,2020-12-04,full_fallback,14400,0.076374,0.156673,0.766953,-0.080299,0.027778,0.111111,36
CRM,10-Q,2021-06-02,full_fallback,14400,0.14494,0.150996,0.704063,-0.006056,0.083333,0.138889,36
CRM,10-Q,2021-08-27,full_fallback,14400,0.078209,0.148257,0.773534,-0.070047,0.027778,0.055556,36
CRM,10-Q,2021-12-02,full_fallback,14400,0.0805,0.147646,0.771854,-0.067145,0.055556,0.111111,36
CRM,10-Q,2022-06-01,full_fallback,14400,0.153086,0.14752,0.699394,0.005565,0.111111,0.111111,36
CRM,10-Q,2022-08-25,full_fallback,14800,0.140225,0.138517,0.721258,0.001708,0.108108,0.081081,37
CRM,10-Q,2022-12-01,full_fallback,14400,0.139987,0.162013,0.698,-0.022025,0.111111,0.111111,36
CRM,10-Q,2023-06-01,full_fallback,14400,0.103627,0.170883,0.725489,-0.067256,0.027778,0.111111,36
CRM,10-Q,2023-08-31,full_fallback,14800,0.110778,0.199541,0.689681,-0.088763,0.054054,0.189189,37
CRM,10-Q,2023-11-30,full_fallback,14800,0.097787,0.209245,0.692968,-0.111458,0.054054,0.135135,37
CRM,10-Q,2024-05-30,full_fallback,14400,0.11602,0.209479,0.674502,-0.093459,0.111111,0.194444,36
CRM,10-Q,2024-08-29,full_fallback,14800,0.112863,0.194514,0.692623,-0.081651,0.081081,0.162162,37
CRM,10-Q,2024-12-04,full_fallback,14800,0.109228,0.186752,0.704021,-0.077524,0.054054,0.162162,37
CRM,10-Q,2025-05-29,full_fallback,14400,0.109332,0.176626,0.714042,-0.067294,0.083333,0.138889,36
CRM,10-Q,2025-09-04,full_fallback,14800,0.106966,0.186944,0.70609,-0.079978,0.054054,0.135135,37
CRM,10-Q,2025-12-04,full_fallback,14800,0.103511,0.168384,0.728105,-0.064873,0.081081,0.054054,37
CRM,10-K,2016-03-07,full_fallback,14000,0.073884,0.106131,0.819985,-0.032247,0.057143,0.057143,35
CRM,10-K,2017-03-06,full_fallback,14000,0.087713,0.108629,0.803658,-0.020917,0.057143,0.057143,35
CRM,10-K,2018-03-09,full_fallback,14400,0.071027,0.183144,0.74583,-0.112117,0.0,0.166667,36
CRM,10-K,2019-03-08,full_fallback,14000,0.099432,0.234369,0.666199,-0.134936,0.085714,0.2,35
CRM,10-K,2020-03-05,full_fallback,14000,0.053081,0.470534,0.476385,-0.417454,0.028571,0.542857,35
CRM,10-K,2021-03-17,full_fallback,14000,0.041179,0.638613,0.320208,-0.597434,0.0,0.8,35
CRM,10-K,2022-03-11,full_fallback,14000,0.053611,0.569456,0.376934,-0.515845,0.028571,0.657143,35
CRM,10-K,2023-03-08,full_fallback,14000,0.075797,0.556643,0.36756,-0.480845,0.028571,0.657143,35
CRM,10-K,2024-03-06,full_fallback,14000,0.06062,0.634358,0.305021,-0.573739,0.028571,0.742857,35
CRM,10-K,2025-03-05,full_fallback,14000,0.048145,0.623748,0.328107,-0.575604,0.0,0.714286,35
CSCO,10-Q,2016-02-18,full_fallback,14400,0.06025,0.23348,0.70627,-0.173231,0.027778,0.138889,36
CSCO,10-Q,2016-05-24,full_fallback,14400,0.046285,0.236745,0.71697,-0.190461,0.0,0.222222,36
CSCO,10-Q,2016-11-22,full_fallback,14400,0.040557,0.211931,0.747512,-0.171374,0.0,0.138889,36
CSCO,10-Q,2017-02-21,full_fallback,14400,0.048661,0.244505,0.706833,-0.195844,0.0,0.194444,36
CSCO,10-Q,2017-05-23,full_fallback,14400,0.04294,0.218572,0.738488,-0.175632,0.0,0.194444,36
CSCO,10-Q,2017-11-21,full_fallback,14400,0.041468,0.251331,0.707201,-0.209863,0.0,0.25,36
CSCO,10-Q,2018-02-20,full_fallback,14400,0.058839,0.219596,0.721565,-0.160757,0.027778,0.222222,36
CSCO,10-Q,2018-05-22,full_fallback,14400,0.051173,0.252036,0.696792,-0.200863,0.0,0.25,36
CSCO,10-Q,2018-11-20,full_fallback,14400,0.061668,0.157007,0.781325,-0.095339,0.027778,0.111111,36
CSCO,10-Q,2019-02-19,full_fallback,14800,0.033848,0.182763,0.783388,-0.148915,0.0,0.108108,37
CSCO,10-Q,2019-05-21,full_fallback,14800,0.086932,0.124034,0.789033,-0.037102,0.054054,0.081081,37
CSCO,10-Q,2019-11-19,full_fallback,15200,0.030138,0.121728,0.848134,-0.09159,0.0,0.078947,38
CSCO,10-Q,2020-02-18,full_fallback,15600,0.032854,0.117537,0.84961,-0.084684,0.0,0.025641,39
CSCO,10-Q,2020-05-18,full_fallback,15600,0.033085,0.125762,0.841153,-0.092678,0.0,0.051282,39
CSCO,10-Q,2020-11-17,full_fallback,15200,0.04042,0.148556,0.811024,-0.108136,0.0,0.052632,38
CSCO,10-Q,2021-02-16,full_fallback,15200,0.032226,0.11182,0.855953,-0.079594,0.0,0.026316,38
CSCO,10-Q,2021-05-25,full_fallback,15600,0.03664,0.122948,0.840411,-0.086308,0.0,0.051282,39
CSCO,10-Q,2021-11-23,full_fallback,15200,0.058518,0.142107,0.799375,-0.083589,0.026316,0.052632,38
CSCO,10-Q,2022-02-22,full_fallback,15200,0.031389,0.113341,0.85527,-0.081951,0.0,0.026316,38
CSCO,10-Q,2022-05-25,full_fallback,15600,0.032087,0.117774,0.850139,-0.085687,0.0,0.051282,39
CSCO,10-Q,2022-11-22,full_fallback,14800,0.033388,0.15087,0.815742,-0.117482,0.0,0.081081,37
CSCO,10-Q,2023-02-21,full_fallback,15200,0.043355,0.143963,0.812682,-0.100607,0.026316,0.078947,38
CSCO,10-Q,2023-05-24,full_fallback,15200,0.069935,0.127355,0.80271,-0.05742,0.052632,0.052632,38
CSCO,10-Q,2023-11-21,full_fallback,14800,0.064971,0.126924,0.808104,-0.061953,0.027027,0.081081,37
CSCO,10-Q,2024-02-20,full_fallback,15200,0.043309,0.156202,0.800489,-0.112893,0.0,0.105263,38
CSCO,10-Q,2024-05-21,full_fallback,15200,0.026707,0.162754,0.810538,-0.136047,0.0,0.105263,38
CSCO,10-Q,2024-11-19,full_fallback,14800,0.029862,0.161427,0.808711,-0.131565,0.0,0.108108,37
CSCO,10-Q,2025-02-18,full_fallback,15200,0.06768,0.172038,0.760282,-0.104357,0.052632,0.157895,38
CSCO,10-Q,2025-05-20,full_fallback,15200,0.069204,0.141043,0.789753,-0.071839,0.052632,0.078947,38
CSCO,10-Q,2025-11-18,full_fallback,14800,0.089815,0.113236,0.796949,-0.023421,0.081081,0.027027,37
CSCO,10-Q,2026-02-17,full_fallback,15200,0.065109,0.126895,0.807996,-0.061786,0.052632,0.026316,38
CSCO,10-K,2016-09-08,full_fallback,14400,0.092177,0.324584,0.583239,-0.232407,0.055556,0.333333,36
CSCO,10-K,2017-09-07,full_fallback,14400,0.049674,0.392331,0.557996,-0.342657,0.027778,0.388889,36
CSCO,10-K,2018-09-06,full_fallback,14400,0.061728,0.286662,0.65161,-0.224934,0.027778,0.25,36
CSCO,10-K,2019-09-05,full_fallback,14400,0.098747,0.278043,0.623209,-0.179296,0.083333,0.277778,36
CSCO,10-K,2020-09-03,full_fallback,14000,0.042608,0.68611,0.271282,-0.643501,0.0,0.742857,35
CSCO,10-K,2021-09-09,full_fallback,14000,0.041432,0.626269,0.332299,-0.584836,0.0,0.685714,35
CSCO,10-K,2022-09-08,full_fallback,14000,0.037222,0.695406,0.267373,-0.658184,0.0,0.771429,35
CSCO,10-K,2023-09-07,full_fallback,14000,0.047846,0.669207,0.282947,-0.621361,0.0,0.742857,35
CSCO,10-K,2024-09-05,full_fallback,14000,0.036425,0.66132,0.302255,-0.624895,0.0,0.742857,35
CSCO,10-K,2025-09-03,full_fallback,14000,0.03899,0.716823,0.244187,-0.677834,0.0,0.857143,35
CVX,10-Q,2016-05-05,full_fallback,14400,0.043758,0.418438,0.537804,-0.374681,0.0,0.361111,36
CVX,10-Q,2016-08-04,full_fallback,14800,0.041718,0.519849,0.438432,-0.478131,0.0,0.513514,37
CVX,10-Q,2016-11-03,full_fallback,14800,0.03822,0.502566,0.459213,-0.464346,0.0,0.540541,37
CVX,10-Q,2017-05-04,full_fallback,14800,0.065194,0.393462,0.541344,-0.328267,0.027027,0.405405,37
CVX,10-Q,2017-08-03,full_fallback,14800,0.113388,0.378006,0.508606,-0.264618,0.108108,0.378378,37
CVX,10-Q,2017-11-02,full_fallback,14800,0.151877,0.344385,0.503738,-0.192508,0.108108,0.324324,37
CVX,10-Q,2018-05-03,full_fallback,14400,0.075792,0.323692,0.600516,-0.247901,0.055556,0.333333,36
CVX,10-Q,2018-08-02,full_fallback,14800,0.131648,0.309206,0.559145,-0.177558,0.108108,0.297297,37
CVX,10-Q,2018-11-08,full_fallback,14400,0.125153,0.307952,0.566896,-0.182799,0.111111,0.277778,36
CVX,10-Q,2019-05-02,full_fallback,14400,0.044468,0.224758,0.730773,-0.18029,0.0,0.138889,36
CVX,10-Q,2019-08-07,full_fallback,14800,0.036112,0.197508,0.766381,-0.161396,0.0,0.135135,37
CVX,10-Q,2019-11-07,full_fallback,14800,0.032234,0.219235,0.748531,-0.187002,0.0,0.162162,37
CVX,10-Q,2020-05-06,full_fallback,14400,0.039041,0.406179,0.55478,-0.367138,0.0,0.444444,36
CVX,10-Q,2020-08-05,full_fallback,14800,0.032028,0.304175,0.663797,-0.272146,0.0,0.297297,37
CVX,10-Q,2020-11-05,full_fallback,14800,0.041031,0.363165,0.595804,-0.322134,0.0,0.351351,37
CVX,10-Q,2021-05-06,full_fallback,14400,0.074268,0.315217,0.610515,-0.24095,0.027778,0.305556,36
CVX,10-Q,2021-08-05,full_fallback,14800,0.068833,0.154852,0.776315,-0.086019,0.027027,0.108108,37
CVX,10-Q,2021-11-04,full_fallback,14800,0.094349,0.174363,0.731288,-0.080014,0.081081,0.108108,37
CVX,10-Q,2022-05-04,full_fallback,14400,0.089241,0.240532,0.670228,-0.151291,0.083333,0.194444,36
CVX,10-Q,2022-08-04,full_fallback,14800,0.073124,0.236143,0.690732,-0.163019,0.054054,0.216216,37
CVX,10-Q,2022-11-03,full_fallback,14800,0.058492,0.224716,0.716792,-0.166224,0.027027,0.189189,37
CVX,10-Q,2023-05-04,full_fallback,14400,0.036943,0.299452,0.663605,-0.262509,0.0,0.25,36
CVX,10-Q,2023-08-03,full_fallback,14800,0.03714,0.262061,0.700799,-0.224921,0.0,0.216216,37
CVX,10-Q,2023-11-02,full_fallback,14800,0.051598,0.242364,0.706038,-0.190767,0.027027,0.216216,37
CVX,10-Q,2024-05-02,full_fallback,14400,0.085013,0.14795,0.767037,-0.062936,0.027778,0.055556,36
CVX,10-Q,2024-08-07,full_fallback,14800,0.042904,0.14593,0.811165,-0.103026,0.027027,0.108108,37
CVX,10-Q,2024-11-07,full_fallback,14800,0.045243,0.150749,0.804008,-0.105506,0.027027,0.054054,37
CVX,10-Q,2025-05-08,full_fallback,14400,0.0394,0.208412,0.752188,-0.169013,0.0,0.138889,36
CVX,10-Q,2025-08-07,full_fallback,14800,0.044159,0.154994,0.800847,-0.110835,0.0,0.108108,37
CVX,10-Q,2025-11-06,full_fallback,14800,0.027807,0.157713,0.814479,-0.129906,0.0,0.081081,37
CVX,10-K,2016-02-25,mda,1200,0.024437,0.212403,0.76316,-0.187967,0.0,0.0,3
CVX,10-K,2017-02-23,mda,1200,0.029876,0.238978,0.731146,-0.209102,0.0,0.333333,3
CVX,10-K,2018-02-22,mda,1200,0.032675,0.261243,0.706082,-0.228567,0.0,0.333333,3
CVX,10-K,2019-02-22,mda,1200,0.021641,0.276732,0.701626,-0.255091,0.0,0.333333,3
CVX,10-K,2020-02-21,mda,1200,0.022638,0.230383,0.746979,-0.207746,0.0,0.333333,3
CVX,10-K,2021-02-25,mda,1200,0.033061,0.333976,0.632963,-0.300915,0.0,0.333333,3
CVX,10-K,2022-02-24,mda,1200,0.02865,0.412406,0.558945,-0.383756,0.0,0.333333,3
CVX,10-K,2023-02-23,mda,1200,0.027857,0.431033,0.54111,-0.403176,0.0,0.666667,3
CVX,10-K,2024-02-26,mda,1200,0.031432,0.251669,0.716898,-0.220237,0.0,0.333333,3
CVX,10-K,2025-02-21,mda,1600,0.027343,0.29354,0.679117,-0.266197,0.0,0.25,4
DHR,10-Q,2016-04-21,full_fallback,14000,0.195878,0.278496,0.525626,-0.082618,0.171429,0.257143,35
DHR,10-Q,2016-07-25,full_fallback,14400,0.153955,0.307533,0.538512,-0.153578,0.138889,0.305556,36
DHR,10-Q,2016-10-20,full_fallback,14000,0.177728,0.210274,0.611998,-0.032547,0.142857,0.2,35
DHR,10-Q,2017-04-20,full_fallback,14000,0.168062,0.26955,0.562388,-0.101488,0.114286,0.228571,35
DHR,10-Q,2017-07-20,full_fallback,14400,0.195067,0.269901,0.535032,-0.074834,0.111111,0.277778,36
DHR,10-Q,2017-10-19,full_fallback,14400,0.189717,0.290187,0.520095,-0.10047,0.166667,0.277778,36
DHR,10-Q,2018-04-19,full_fallback,14000,0.222132,0.201057,0.576811,0.021075,0.2,0.2,35
DHR,10-Q,2018-07-19,full_fallback,14400,0.182613,0.199235,0.618152,-0.016622,0.138889,0.222222,36
DHR,10-Q,2018-10-18,full_fallback,14000,0.180679,0.156984,0.662337,0.023694,0.142857,0.142857,35
DHR,10-Q,2019-04-18,full_fallback,14000,0.19641,0.219716,0.583874,-0.023306,0.2,0.228571,35
DHR,10-Q,2019-07-18,full_fallback,14800,0.03951,0.126254,0.834236,-0.086745,0.0,0.108108,37
DHR,10-Q,2019-10-24,full_fallback,14400,0.06492,0.111742,0.823338,-0.046822,0.027778,0.055556,36
DHR,10-Q,2020-05-06,full_fallback,14000,0.060062,0.139518,0.80042,-0.079456,0.028571,0.085714,35
DHR,10-Q,2020-07-23,full_fallback,14800,0.046162,0.095466,0.858372,-0.049304,0.0,0.0,37
DHR,10-Q,2020-10-22,full_fallback,14400,0.048957,0.090427,0.860616,-0.04147,0.0,0.027778,36
DHR,10-Q,2021-04-22,full_fallback,14000,0.111696,0.110745,0.77756,0.000951,0.085714,0.085714,35
DHR,10-Q,2021-07-22,full_fallback,14800,0.03543,0.135306,0.829264,-0.099876,0.0,0.081081,37
DHR,10-Q,2021-10-21,full_fallback,14800,0.032357,0.126202,0.841441,-0.093845,0.0,0.081081,37
DHR,10-Q,2022-04-21,full_fallback,14400,0.106662,0.20094,0.692398,-0.094279,0.055556,0.194444,36
DHR,10-Q,2022-07-21,full_fallback,14400,0.053674,0.159986,0.78634,-0.106311,0.027778,0.083333,36
DHR,10-Q,2022-10-20,full_fallback,14400,0.057361,0.127806,0.814834,-0.070445,0.027778,0.083333,36
DHR,10-Q,2023-04-25,full_fallback,14000,0.042727,0.324688,0.632585,-0.281961,0.0,0.314286,35
DHR,10-Q,2023-07-25,full_fallback,14400,0.055739,0.208597,0.735663,-0.152858,0.027778,0.166667,36
DHR,10-Q,2023-10-24,full_fallback,14400,0.037179,0.137998,0.824822,-0.100819,0.0,0.083333,36
DHR,10-Q,2024-04-23,full_fallback,14000,0.045572,0.326737,0.627691,-0.281165,0.0,0.342857,35
DHR,10-Q,2024-07-23,full_fallback,14400,0.039898,0.171362,0.78874,-0.131464,0.0,0.138889,36
DHR,10-Q,2024-10-22,full_fallback,14400,0.058354,0.184674,0.756972,-0.126321,0.027778,0.111111,36
DHR,10-Q,2025-04-22,full_fallback,14400,0.050486,0.326318,0.623196,-0.275833,0.0,0.333333,36
DHR,10-Q,2025-07-22,full_fallback,14400,0.072754,0.191106,0.73614,-0.118353,0.055556,0.138889,36
DHR,10-Q,2025-10-21,full_fallback,14400,0.075754,0.165225,0.75902,-0.089471,0.055556,0.083333,36
DHR,10-K,2016-02-24,full_fallback,14000,0.283408,0.293923,0.422668,-0.010515,0.314286,0.257143,35
DHR,10-K,2017-02-22,full_fallback,14000,0.220721,0.352446,0.426834,-0.131725,0.2,0.371429,35
DHR,10-K,2018-02-21,full_fallback,14000,0.234382,0.373171,0.392447,-0.13879,0.2,0.4,35
DHR,10-K,2019-02-21,full_fallback,14000,0.215216,0.424624,0.36016,-0.209408,0.171429,0.457143,35
DHR,10-K,2020-02-21,full_fallback,14000,0.02402,0.516239,0.459741,-0.492219,0.0,0.571429,35
DHR,10-K,2021-02-25,full_fallback,13600,0.05097,0.552634,0.396396,-0.501664,0.0,0.588235,34
DHR,10-K,2022-02-23,full_fallback,13600,0.031335,0.596244,0.37242,-0.564909,0.0,0.647059,34
DHR,10-K,2023-02-22,full_fallback,13600,0.062455,0.509377,0.428168,-0.446922,0.029412,0.529412,34
DHR,10-K,2024-02-21,full_fallback,13600,0.061186,0.530555,0.408259,-0.469369,0.0,0.588235,34
DHR,10-K,2025-02-20,full_fallback,13600,0.057162,0.570339,0.3725,-0.513177,0.0,0.676471,34
GE,10-Q,2016-05-04,mda,42800,0.067026,0.241412,0.691562,-0.174386,0.037383,0.168224,107
GE,10-Q,2016-08-01,mda,55600,0.081625,0.267278,0.651097,-0.185654,0.05036,0.223022,139
GE,10-Q,2016-11-02,mda,60000,0.09252,0.234868,0.672612,-0.142348,0.06,0.166667,150
GE,10-Q,2017-05-05,mda,45200,0.058146,0.195979,0.745875,-0.137832,0.017699,0.132743,113
GE,10-Q,2017-07-28,mda,52000,0.075573,0.231151,0.693276,-0.155578,0.030769,0.161538,130
GE,10-Q,2017-10-30,mda,26800,0.131021,0.342763,0.526216,-0.211741,0.089552,0.343284,67
GE,10-Q,2018-05-01,mda,21600,0.10877,0.353848,0.537382,-0.245078,0.055556,0.388889,54
GE,10-Q,2018-07-27,mda,28000,0.141416,0.349715,0.508869,-0.208299,0.114286,0.342857,70
GE,10-Q,2018-10-30,mda,29200,0.129078,0.364665,0.506257,-0.235587,0.09589,0.369863,73
GE,10-Q,2019-04-30,mda,18000,0.107679,0.348978,0.543343,-0.241299,0.066667,0.288889,45
GE,10-Q,2019-07-31,mda,22800,0.141589,0.449991,0.40842,-0.308403,0.122807,0.491228,57
GE,10-Q,2019-10-30,mda,64800,0.084347,0.287953,0.6277,-0.203606,0.037037,0.234568,162
GE,10-Q,2020-04-29,mda,46800,0.076197,0.343605,0.580197,-0.267408,0.034188,0.316239,117
GE,10-Q,2020-07-29,mda,53200,0.058814,0.388715,0.552472,-0.329901,0.030075,0.353383,133
GE,10-Q,2020-10-28,mda,56800,0.071104,0.34067,0.588226,-0.269566,0.035211,0.309859,142
GE,10-Q,2021-04-27,mda,38000,0.086101,0.327116,0.586783,-0.241015,0.042105,0.326316,95
GE,10-Q,2021-07-27,mda,43200,0.120359,0.300002,0.579639,-0.179643,0.083333,0.287037,108
GE,10-Q,2021-10-26,mda,46000,0.108821,0.318948,0.572231,-0.210127,0.095652,0.295652,115
GE,10-Q,2022-04-26,mda,27200,0.114485,0.29892,0.586595,-0.184435,0.058824,0.279412,68
GE,10-Q,2022-07-26,mda,32000,0.109049,0.286027,0.604923,-0.176978,0.075,0.2375,80
GE,10-Q,2022-10-25,mda,34800,0.134187,0.28762,0.578193,-0.153433,0.091954,0.229885,87
GE,10-Q,2023-04-25,mda,34000,0.152691,0.166559,0.68075,-0.013868,0.141176,0.105882,85
GE,10-Q,2023-07-25,mda,33200,0.165257,0.195673,0.63907,-0.030416,0.144578,0.13253,83
GE,10-Q,2023-10-24,mda,33200,0.172476,0.196913,0.630611,-0.024438,0.144578,0.13253,83
GE,10-Q,2024-04-23,mda,38800,0.130615,0.310127,0.559258,-0.179512,0.103093,0.309278,97
GE,10-Q,2024-07-23,mda,29200,0.131936,0.211263,0.656801,-0.079327,0.09589,0.150685,73
GE,10-Q,2024-10-22,mda,28800,0.141519,0.218066,0.640416,-0.076547,0.111111,0.152778,72
GE,10-Q,2025-04-22,mda,23200,0.128439,0.1609,0.710661,-0.032461,0.086207,0.103448,58
GE,10-Q,2025-07-21,mda,26400,0.156676,0.177679,0.665646,-0.021003,0.136364,0.121212,66
GE,10-Q,2025-10-21,mda,27600,0.160227,0.173346,0.666427,-0.013119,0.130435,0.086957,69
GE,10-K,2016-02-26,mda,108000,0.072678,0.176487,0.750835,-0.103809,0.033333,0.118519,270
GE,10-K,2017-02-24,mda,114400,0.089569,0.194874,0.715558,-0.105305,0.041958,0.13986,286
GE,10-K,2018-02-23,mda,54000,0.173212,0.266572,0.560216,-0.09336,0.140741,0.244444,135
GE,10-K,2019-02-26,mda,52800,0.159426,0.290049,0.550525,-0.130622,0.128788,0.30303,132
GE,10-K,2020-02-24,mda,107600,0.075615,0.25257,0.671816,-0.176955,0.033457,0.223048,269
GE,10-K,2021-02-12,mda,98800,0.07228,0.266392,0.661328,-0.194113,0.032389,0.246964,247
GE,10-K,2022-02-11,mda,85200,0.087327,0.260777,0.651896,-0.17345,0.032864,0.244131,213
GE,10-K,2023-02-10,mda,80400,0.089443,0.228862,0.681694,-0.139419,0.049751,0.20398,201
GE,10-K,2024-02-02,mda,78000,0.103844,0.208498,0.687658,-0.104654,0.071795,0.158974,195
GE,10-K,2025-02-03,mda,73200,0.08375,0.224946,0.691304,-0.141195,0.043716,0.185792,183
GE,10-K,2026-01-29,mda,68800,0.08167,0.199299,0.719031,-0.11763,0.040698,0.162791,172
GOOGL,10-Q,2016-05-03,full_fallback,14800,0.115643,0.1515,0.732857,-0.035857,0.054054,0.081081,37
GOOGL,10-Q,2016-08-04,full_fallback,15200,0.10047,0.182129,0.717401,-0.08166,0.026316,0.105263,38
GOOGL,10-Q,2016-11-03,full_fallback,14800,0.101798,0.14512,0.753082,-0.043322,0.108108,0.081081,37
GOOGL,10-Q,2017-05-02,full_fallback,14800,0.120204,0.125556,0.75424,-0.005352,0.108108,0.054054,37
GOOGL,10-Q,2017-07-25,full_fallback,15200,0.120583,0.159999,0.719419,-0.039416,0.105263,0.078947,38
GOOGL,10-Q,2017-10-27,full_fallback,14800,0.098123,0.133682,0.768195,-0.035559,0.054054,0.054054,37
GOOGL,10-Q,2018-04-24,full_fallback,14800,0.090835,0.146425,0.76274,-0.055591,0.054054,0.081081,37
GOOGL,10-Q,2018-07-24,full_fallback,14800,0.079708,0.133425,0.786867,-0.053717,0.027027,0.081081,37
GOOGL,10-Q,2018-10-26,full_fallback,14800,0.075822,0.156666,0.767512,-0.080844,0.027027,0.108108,37
GOOGL,10-Q,2019-04-30,full_fallback,14800,0.046445,0.157171,0.796384,-0.110726,0.027027,0.081081,37
GOOGL,10-Q,2019-07-26,full_fallback,15200,0.037,0.153409,0.809591,-0.116409,0.0,0.078947,38
GOOGL,10-Q,2019-10-29,full_fallback,15200,0.0437,0.194093,0.762208,-0.150393,0.026316,0.157895,38
GOOGL,10-Q,2020-04-29,full_fallback,14800,0.085855,0.217935,0.69621,-0.132081,0.054054,0.189189,37
GOOGL,10-Q,2020-07-31,full_fallback,15200,0.046954,0.229232,0.723814,-0.182278,0.0,0.210526,38
GOOGL,10-Q,2020-10-30,full_fallback,14800,0.060013,0.175138,0.764849,-0.115125,0.0,0.108108,37
GOOGL,10-Q,2021-04-28,full_fallback,14800,0.069471,0.162174,0.768355,-0.092703,0.0,0.135135,37
GOOGL,10-Q,2021-07-28,full_fallback,15200,0.031044,0.170841,0.798115,-0.139796,0.0,0.105263,38
GOOGL,10-Q,2021-10-27,full_fallback,15200,0.026151,0.161892,0.811957,-0.135741,0.0,0.105263,38
GOOGL,10-Q,2022-04-27,full_fallback,14800,0.049846,0.143637,0.806516,-0.093791,0.027027,0.108108,37
GOOGL,10-Q,2022-07-27,full_fallback,15200,0.025352,0.142012,0.832637,-0.11666,0.0,0.078947,38
GOOGL,10-Q,2022-10-26,full_fallback,15200,0.02656,0.149093,0.824347,-0.122533,0.0,0.078947,38
GOOGL,10-Q,2023-04-26,full_fallback,14800,0.038478,0.211504,0.750018,-0.173026,0.0,0.189189,37
GOOGL,10-Q,2023-07-26,full_fallback,15200,0.027022,0.173623,0.799356,-0.146601,0.0,0.131579,38
GOOGL,10-Q,2023-10-25,full_fallback,15200,0.026994,0.185418,0.787588,-0.158424,0.0,0.131579,38
GOOGL,10-Q,2024-04-26,full_fallback,14800,0.051509,0.150164,0.798327,-0.098655,0.027027,0.081081,37
GOOGL,10-Q,2024-07-24,full_fallback,15200,0.027735,0.167568,0.804698,-0.139833,0.0,0.131579,38
GOOGL,10-Q,2024-10-30,full_fallback,15200,0.028797,0.168218,0.802985,-0.13942,0.0,0.105263,38
GOOGL,10-Q,2025-04-25,full_fallback,14800,0.053558,0.15095,0.795492,-0.097393,0.027027,0.108108,37
GOOGL,10-Q,2025-07-24,full_fallback,15200,0.030368,0.158363,0.811269,-0.127996,0.0,0.105263,38
GOOGL,10-Q,2025-10-30,full_fallback,15200,0.029265,0.164119,0.806616,-0.134854,0.0,0.131579,38
GOOGL,10-K,2016-02-11,full_fallback,14800,0.209256,0.151807,0.638937,0.057449,0.216216,0.054054,37
GOOGL,10-K,2017-02-03,full_fallback,14400,0.209,0.155084,0.635915,0.053916,0.277778,0.111111,36
GOOGL,10-K,2018-02-06,full_fallback,14800,0.207313,0.189445,0.603242,0.017868,0.216216,0.162162,37
GOOGL,10-K,2019-02-05,full_fallback,14400,0.171764,0.236033,0.592203,-0.064269,0.166667,0.194444,36
GOOGL,10-K,2020-02-04,full_fallback,14400,0.108918,0.346041,0.545041,-0.237123,0.055556,0.333333,36
GOOGL,10-K,2021-02-03,full_fallback,14000,0.090607,0.462373,0.44702,-0.371765,0.057143,0.542857,35
GOOGL,10-K,2022-02-02,full_fallback,14000,0.052012,0.422665,0.525323,-0.370652,0.057143,0.4,35
GOOGL,10-K,2023-02-03,full_fallback,14000,0.074499,0.412896,0.512605,-0.338397,0.057143,0.428571,35
GOOGL,10-K,2024-01-31,full_fallback,14000,0.058213,0.387917,0.55387,-0.329703,0.028571,0.428571,35
GOOGL,10-K,2025-02-05,full_fallback,14000,0.053152,0.421013,0.525835,-0.36786,0.028571,0.514286,35
GOOGL,10-K,2026-02-05,full_fallback,14000,0.074392,0.41862,0.506988,-0.344228,0.057143,0.457143,35
HD,10-Q,2016-05-24,full_fallback,8800,0.208038,0.123894,0.668068,0.084144,0.272727,0.045455,22
HD,10-Q,2016-08-23,full_fallback,10000,0.245133,0.125406,0.629461,0.119726,0.24,0.08,25
HD,10-Q,2016-11-22,full_fallback,10400,0.256635,0.140889,0.602475,0.115746,0.307692,0.076923,26
HD,10-Q,2017-05-23,full_fallback,6800,0.228579,0.138016,0.633405,0.090562,0.235294,0.058824,17
HD,10-Q,2017-08-22,full_fallback,8400,0.290326,0.061589,0.648084,0.228737,0.285714,0.0,21
HD,10-Q,2017-11-21,full_fallback,8800,0.227441,0.121378,0.651181,0.106063,0.227273,0.090909,22
HD,10-Q,2018-05-22,full_fallback,7600,0.12639,0.072416,0.801194,0.053975,0.105263,0.0,19
HD,10-Q,2018-08-21,full_fallback,8800,0.191632,0.0977,0.710668,0.093931,0.181818,0.045455,22
HD,10-Q,2018-11-20,full_fallback,9200,0.1828,0.098684,0.718516,0.084115,0.173913,0.043478,23
HD,10-Q,2019-05-29,full_fallback,8000,0.091919,0.089795,0.818287,0.002124,0.05,0.05,20
HD,10-Q,2019-08-27,full_fallback,10800,0.093483,0.145647,0.76087,-0.052164,0.111111,0.111111,27
HD,10-Q,2019-11-26,full_fallback,11200,0.079563,0.13186,0.788578,-0.052297,0.035714,0.107143,28
HD,10-Q,2020-05-27,full_fallback,12000,0.092294,0.228534,0.679172,-0.136239,0.033333,0.233333,30
HD,10-Q,2020-08-25,full_fallback,14000,0.202003,0.177068,0.62093,0.024935,0.2,0.114286,35
HD,10-Q,2020-11-24,full_fallback,14800,0.161761,0.1922,0.646039,-0.030439,0.135135,0.189189,37
HD,10-Q,2021-05-25,full_fallback,8400,0.103139,0.126398,0.770464,-0.023259,0.047619,0.142857,21
HD,10-Q,2021-08-24,full_fallback,10400,0.167729,0.143163,0.689107,0.024566,0.192308,0.076923,26
HD,10-Q,2021-11-23,full_fallback,11200,0.124212,0.171599,0.704189,-0.047387,0.107143,0.142857,28
HD,10-Q,2022-05-24,full_fallback,9600,0.11419,0.149678,0.736132,-0.035489,0.083333,0.125,24
HD,10-Q,2022-08-23,full_fallback,11600,0.161848,0.128096,0.710056,0.033752,0.137931,0.103448,29
HD,10-Q,2022-11-22,full_fallback,12000,0.093908,0.189215,0.716877,-0.095307,0.033333,0.166667,30
HD,10-Q,2023-05-23,full_fallback,9600,0.036596,0.169459,0.793945,-0.132863,0.0,0.125,24
HD,10-Q,2023-08-22,full_fallback,11600,0.065823,0.221104,0.713073,-0.155281,0.034483,0.206897,29
HD,10-Q,2023-11-21,full_fallback,11600,0.058487,0.210907,0.730605,-0.15242,0.0,0.172414,29
HD,10-Q,2024-05-21,full_fallback,10400,0.081988,0.185105,0.732907,-0.103117,0.038462,0.153846,26
HD,10-Q,2024-08-20,full_fallback,14800,0.121464,0.157819,0.720717,-0.036355,0.108108,0.135135,37
HD,10-Q,2024-11-19,full_fallback,14800,0.076437,0.170849,0.752714,-0.094412,0.027027,0.162162,37
HD,10-Q,2025-05-28,full_fallback,11200,0.123585,0.132283,0.744132,-0.008697,0.107143,0.107143,28
HD,10-Q,2025-08-26,full_fallback,13600,0.168856,0.140988,0.690156,0.027867,0.205882,0.117647,34
HD,10-Q,2025-11-25,full_fallback,14800,0.159847,0.138415,0.701738,0.021431,0.135135,0.108108,37
HD,10-K,2016-03-24,full_fallback,14800,0.174204,0.197868,0.627928,-0.023664,0.162162,0.162162,37
HD,10-K,2017-03-23,full_fallback,14800,0.185442,0.183968,0.63059,0.001474,0.162162,0.162162,37
HD,10-K,2018-03-22,full_fallback,14400,0.104252,0.266436,0.629312,-0.162184,0.083333,0.25,36
HD,10-K,2019-03-28,full_fallback,14400,0.1174,0.302215,0.580384,-0.184815,0.111111,0.305556,36
HD,10-K,2020-03-25,full_fallback,14000,0.074707,0.418236,0.507057,-0.343529,0.028571,0.457143,35
HD,10-K,2021-03-24,full_fallback,14000,0.123552,0.49209,0.384358,-0.368538,0.114286,0.571429,35
HD,10-K,2022-03-23,full_fallback,13600,0.072176,0.547615,0.380208,-0.475439,0.029412,0.676471,34
HD,10-K,2023-03-15,full_fallback,13600,0.040038,0.580954,0.379009,-0.540915,0.0,0.647059,34
HD,10-K,2024-03-13,full_fallback,13600,0.048336,0.513724,0.43794,-0.465388,0.0,0.558824,34
HD,10-K,2025-03-21,full_fallback,13600,0.033758,0.53497,0.431272,-0.501212,0.0,0.617647,34
IBM,10-Q,2016-04-26,full_fallback,14400,0.099631,0.196577,0.703793,-0.096946,0.055556,0.138889,36
IBM,10-Q,2016-07-26,full_fallback,14400,0.111206,0.205296,0.683498,-0.094091,0.111111,0.138889,36
IBM,10-Q,2016-10-25,full_fallback,14400,0.079745,0.194688,0.725567,-0.114943,0.055556,0.111111,36
IBM,10-Q,2017-04-25,full_fallback,14800,0.058355,0.240952,0.700692,-0.182597,0.027027,0.189189,37
IBM,10-Q,2017-07-25,full_fallback,14800,0.057077,0.220996,0.721927,-0.16392,0.027027,0.189189,37
IBM,10-Q,2017-10-31,full_fallback,14800,0.075236,0.156236,0.768528,-0.081,0.081081,0.054054,37
IBM,10-Q,2018-04-24,full_fallback,14800,0.026686,0.180645,0.792669,-0.153959,0.0,0.081081,37
IBM,10-Q,2018-07-31,full_fallback,15200,0.031698,0.146234,0.822068,-0.114536,0.0,0.078947,38
IBM,10-Q,2018-10-30,full_fallback,14800,0.039082,0.146667,0.814252,-0.107585,0.0,0.054054,37
IBM,10-Q,2019-04-30,full_fallback,14800,0.027697,0.154637,0.817666,-0.12694,0.0,0.054054,37
IBM,10-Q,2019-07-30,full_fallback,17200,0.026121,0.0885,0.885379,-0.062379,0.0,0.023256,43
IBM,10-Q,2019-10-29,full_fallback,16800,0.027927,0.097783,0.87429,-0.069856,0.0,0.02381,42
IBM,10-Q,2020-04-28,full_fallback,16400,0.029399,0.135358,0.835244,-0.105959,0.0,0.073171,41
IBM,10-Q,2020-07-28,full_fallback,17200,0.030563,0.122621,0.846816,-0.092058,0.0,0.046512,43
IBM,10-Q,2020-10-27,full_fallback,17200,0.044247,0.146115,0.809638,-0.101868,0.023256,0.069767,43
IBM,10-Q,2021-04-27,full_fallback,16400,0.02914,0.161839,0.809021,-0.1327,0.0,0.097561,41
IBM,10-Q,2021-07-27,full_fallback,17200,0.02426,0.161071,0.814669,-0.13681,0.0,0.093023,43
IBM,10-Q,2021-11-05,full_fallback,17200,0.030308,0.136749,0.832944,-0.106441,0.0,0.046512,43
IBM,10-Q,2022-04-26,full_fallback,16400,0.026118,0.135104,0.838778,-0.108986,0.0,0.02439,41
IBM,10-Q,2022-07-25,full_fallback,16800,0.029001,0.128947,0.842052,-0.099946,0.0,0.071429,42
IBM,10-Q,2022-10-25,full_fallback,16800,0.032166,0.140742,0.827092,-0.108576,0.0,0.047619,42
IBM,10-Q,2023-04-25,full_fallback,16400,0.030515,0.133268,0.836217,-0.102753,0.0,0.04878,41
IBM,10-Q,2023-07-25,full_fallback,15200,0.030445,0.180196,0.789359,-0.149751,0.0,0.105263,38
IBM,10-Q,2023-10-31,full_fallback,14800,0.033449,0.154099,0.812452,-0.120649,0.0,0.108108,37
IBM,10-Q,2024-04-30,full_fallback,14800,0.027296,0.096245,0.876459,-0.06895,0.0,0.027027,37
IBM,10-Q,2024-07-30,full_fallback,15200,0.028546,0.119851,0.851603,-0.091306,0.0,0.026316,38
IBM,10-Q,2024-10-30,full_fallback,14800,0.031025,0.098564,0.870411,-0.067538,0.0,0.0,37
IBM,10-Q,2025-04-24,full_fallback,14800,0.025065,0.091027,0.883908,-0.065962,0.0,0.0,37
IBM,10-Q,2025-07-24,full_fallback,15200,0.026352,0.09188,0.881768,-0.065528,0.0,0.0,38
IBM,10-Q,2025-10-23,full_fallback,14800,0.027135,0.115684,0.857181,-0.088549,0.0,0.027027,37
IBM,10-K,2016-02-23,mda,400,0.022346,0.030084,0.94757,-0.007738,0.0,0.0,1
IBM,10-K,2017-02-28,mda,400,0.024195,0.028868,0.946938,-0.004673,0.0,0.0,1
IBM,10-K,2018-02-27,mda,400,0.022804,0.029729,0.947467,-0.006925,0.0,0.0,1
IBM,10-K,2019-02-26,mda,400,0.022328,0.030324,0.947348,-0.007995,0.0,0.0,1
IBM,10-K,2020-02-25,full_fallback,6000,0.051156,0.042142,0.906702,0.009015,0.0,0.0,15
IBM,10-K,2021-02-23,full_fallback,6400,0.04135,0.043637,0.915013,-0.002287,0.0,0.0,16
IBM,10-K,2022-02-22,full_fallback,7200,0.056199,0.166221,0.77758,-0.110022,0.0,0.166667,18
IBM,10-K,2023-02-28,full_fallback,7200,0.063236,0.134348,0.802415,-0.071112,0.0,0.111111,18
IBM,10-K,2024-02-26,full_fallback,6000,0.046811,0.043905,0.909284,0.002906,0.0,0.0,15
IBM,10-K,2025-02-25,full_fallback,6000,0.057265,0.039396,0.903339,0.017869,0.0,0.0,15
INTC,10-Q,2016-05-02,mda,400,0.020724,0.03749,0.941786,-0.016766,0.0,0.0,1
INTC,10-Q,2016-08-01,mda,400,0.020594,0.036673,0.942733,-0.016078,0.0,0.0,1
INTC,10-Q,2016-10-31,mda,400,0.020577,0.036756,0.942668,-0.016179,0.0,0.0,1
INTC,10-Q,2017-04-27,full_fallback,12800,0.131896,0.245805,0.622298,-0.113909,0.09375,0.28125,32
INTC,10-Q,2017-07-27,full_fallback,15600,0.191158,0.20578,0.603062,-0.014622,0.153846,0.230769,39
INTC,10-Q,2017-10-26,full_fallback,15200,0.159815,0.280689,0.559496,-0.120874,0.131579,0.289474,38
INTC,10-Q,2018-04-27,mda,19200,0.123238,0.221648,0.655114,-0.098411,0.104167,0.208333,48
INTC,10-Q,2018-07-27,mda,23200,0.13056,0.237911,0.631529,-0.107351,0.12069,0.189655,58
INTC,10-Q,2018-10-26,mda,22800,0.155518,0.221684,0.622798,-0.066166,0.122807,0.192982,57
INTC,10-Q,2019-04-26,mda,15600,0.065083,0.319109,0.615808,-0.254026,0.025641,0.307692,39
INTC,10-Q,2019-07-26,mda,19600,0.075633,0.356842,0.567525,-0.281209,0.020408,0.367347,49
INTC,10-Q,2019-10-25,mda,18400,0.073191,0.330466,0.596343,-0.257275,0.021739,0.304348,46
INTC,10-Q,2020-04-24,mda,22000,0.159139,0.275978,0.564883,-0.11684,0.145455,0.254545,55
INTC,10-Q,2020-07-24,mda,20800,0.164848,0.230654,0.604498,-0.065807,0.153846,0.211538,52
INTC,10-Q,2020-10-23,mda,22000,0.059472,0.300711,0.639817,-0.241239,0.0,0.290909,55
INTC,10-Q,2021-04-23,mda,19600,0.070133,0.310085,0.619782,-0.239952,0.040816,0.244898,49
INTC,10-Q,2021-07-23,mda,21600,0.086151,0.297,0.616849,-0.210849,0.055556,0.277778,54
INTC,10-Q,2021-10-22,mda,24000,0.117855,0.253211,0.628934,-0.135356,0.083333,0.266667,60
INTC,10-Q,2022-04-29,mda,23200,0.098322,0.27822,0.623458,-0.179898,0.068966,0.241379,58
INTC,10-Q,2022-07-29,mda,25200,0.099321,0.314588,0.586092,-0.215267,0.079365,0.285714,63
INTC,10-Q,2022-10-28,mda,24800,0.123256,0.270079,0.606666,-0.146823,0.096774,0.274194,62
INTC,10-Q,2023-04-28,mda,19200,0.069782,0.322981,0.607237,-0.253199,0.020833,0.3125,48
INTC,10-Q,2023-07-28,mda,22400,0.086162,0.315513,0.598325,-0.229352,0.017857,0.339286,56
INTC,10-Q,2023-10-27,mda,23200,0.075134,0.307163,0.617703,-0.232029,0.034483,0.293103,58
INTC,10-Q,2024-04-26,mda,20800,0.150316,0.231995,0.617689,-0.081679,0.134615,0.192308,52
INTC,10-Q,2024-08-02,mda,25200,0.119159,0.262015,0.618826,-0.142857,0.095238,0.206349,63
INTC,10-Q,2024-11-01,mda,28000,0.109043,0.288838,0.60212,-0.179795,0.071429,0.242857,70
INTC,10-Q,2025-04-25,mda,20800,0.089838,0.25448,0.655682,-0.164642,0.057692,0.230769,52
INTC,10-Q,2025-07-24,mda,29600,0.08627,0.28837,0.62536,-0.2021,0.054054,0.256757,74
INTC,10-Q,2025-11-06,mda,32400,0.071536,0.274043,0.654422,-0.202507,0.037037,0.271605,81
INTC,10-K,2016-02-12,full_fallback,15200,0.118313,0.277584,0.604103,-0.159271,0.078947,0.263158,38
INTC,10-K,2017-02-17,full_fallback,14800,0.118823,0.265275,0.615903,-0.146453,0.108108,0.243243,37
INTC,10-K,2018-02-16,mda,61600,0.117378,0.185444,0.697178,-0.068065,0.077922,0.155844,154
INTC,10-K,2019-02-01,mda,70400,0.182475,0.187314,0.630211,-0.00484,0.159091,0.170455,176
INTC,10-K,2020-01-24,mda,71200,0.17019,0.208756,0.621054,-0.038566,0.157303,0.185393,178
INTC,10-K,2021-01-22,mda,76800,0.146281,0.25266,0.60106,-0.106379,0.114583,0.25,192
INTC,10-K,2022-01-27,mda,78000,0.156332,0.253665,0.590003,-0.097333,0.128205,0.251282,195
INTC,10-K,2023-01-27,mda,81600,0.149349,0.271318,0.579333,-0.121969,0.122549,0.279412,204
INTC,10-K,2024-01-26,mda,82000,0.152766,0.26059,0.586644,-0.107824,0.121951,0.273171,205
INTC,10-K,2025-01-31,mda,80800,0.105323,0.294377,0.6003,-0.189055,0.064356,0.311881,202
INTC,10-K,2026-01-23,mda,88800,0.102912,0.263062,0.634026,-0.16015,0.04955,0.243243,222
INTU,10-Q,2016-02-25,mda,400,0.016763,0.035971,0.947266,-0.019208,0.0,0.0,1
INTU,10-Q,2016-05-24,mda,400,0.016488,0.037591,0.945921,-0.021103,0.0,0.0,1
INTU,10-Q,2016-11-18,mda,400,0.016391,0.038151,0.945458,-0.021761,0.0,0.0,1
INTU,10-Q,2017-02-23,mda,400,0.014274,0.055612,0.930114,-0.041338,0.0,0.0,1
INTU,10-Q,2017-05-23,mda,400,0.014268,0.054505,0.931227,-0.040236,0.0,0.0,1
INTU,10-Q,2017-11-20,mda,1200,0.283244,0.036918,0.679838,0.246326,0.333333,0.0,3
INTU,10-Q,2018-02-22,mda,1200,0.295428,0.028579,0.675993,0.26685,0.333333,0.0,3
INTU,10-Q,2018-05-22,mda,1200,0.278764,0.043352,0.677883,0.235412,0.333333,0.0,3
INTU,10-Q,2018-11-20,mda,1200,0.082097,0.039635,0.878268,0.042463,0.0,0.0,3
INTU,10-Q,2019-02-22,mda,1200,0.073972,0.031025,0.895003,0.042947,0.0,0.0,3
INTU,10-Q,2019-05-23,mda,1200,0.070666,0.029137,0.900198,0.041529,0.0,0.0,3
INTU,10-Q,2019-11-21,mda,400,0.016206,0.045917,0.937877,-0.029712,0.0,0.0,1
INTU,10-Q,2020-02-24,mda,400,0.016047,0.045031,0.938922,-0.028984,0.0,0.0,1
INTU,10-Q,2020-05-21,mda,400,0.0174,0.085113,0.897487,-0.067712,0.0,0.0,1
INTU,10-Q,2020-11-19,mda,400,0.020266,0.039368,0.940366,-0.019101,0.0,0.0,1
INTU,10-Q,2021-02-23,mda,400,0.019133,0.054796,0.92607,-0.035663,0.0,0.0,1
INTU,10-Q,2021-05-25,mda,400,0.019119,0.054263,0.926618,-0.035144,0.0,0.0,1
INTU,10-Q,2021-11-18,mda,400,0.020072,0.039951,0.939977,-0.019878,0.0,0.0,1
INTU,10-Q,2022-03-02,mda,400,0.020375,0.038124,0.941501,-0.01775,0.0,0.0,1
INTU,10-Q,2022-05-24,mda,400,0.02028,0.038235,0.941485,-0.017956,0.0,0.0,1
INTU,10-Q,2022-11-29,mda,400,0.017619,0.033911,0.94847,-0.016292,0.0,0.0,1
INTU,10-Q,2023-02-23,mda,400,0.017577,0.033372,0.949051,-0.015795,0.0,0.0,1
INTU,10-Q,2023-05-23,mda,400,0.017704,0.033474,0.948822,-0.01577,0.0,0.0,1
INTU,10-Q,2023-11-28,mda,400,0.018251,0.031849,0.9499,-0.013599,0.0,0.0,1
INTU,10-Q,2024-02-22,mda,400,0.018896,0.030163,0.950941,-0.011267,0.0,0.0,1
INTU,10-Q,2024-05-23,mda,400,0.018686,0.030866,0.950448,-0.01218,0.0,0.0,1
INTU,10-Q,2024-11-21,mda,400,0.016288,0.038784,0.944928,-0.022497,0.0,0.0,1
INTU,10-Q,2025-02-25,mda,400,0.019054,0.029839,0.951107,-0.010785,0.0,0.0,1
INTU,10-Q,2025-05-22,mda,400,0.01903,0.029968,0.951002,-0.010938,0.0,0.0,1
INTU,10-Q,2025-11-20,mda,400,0.018211,0.03218,0.949609,-0.013969,0.0,0.0,1
INTU,10-K,2016-09-01,mda,400,0.016661,0.03976,0.943579,-0.0231,0.0,0.0,1
INTU,10-K,2017-09-01,mda,400,0.017989,0.042218,0.939793,-0.024229,0.0,0.0,1
INTU,10-K,2018-08-31,mda,400,0.017465,0.041146,0.941389,-0.023681,0.0,0.0,1
INTU,10-K,2019-08-30,mda,400,0.016773,0.044395,0.938832,-0.027622,0.0,0.0,1
INTU,10-K,2020-08-31,mda,400,0.020152,0.038029,0.941819,-0.017877,0.0,0.0,1
INTU,10-K,2021-09-08,mda,400,0.026491,0.034848,0.938661,-0.008356,0.0,0.0,1
INTU,10-K,2022-09-02,mda,400,0.020543,0.048421,0.931037,-0.027878,0.0,0.0,1
INTU,10-K,2023-09-01,mda,400,0.021131,0.042916,0.935953,-0.021784,0.0,0.0,1
INTU,10-K,2024-09-04,mda,400,0.022518,0.042471,0.935011,-0.019953,0.0,0.0,1
INTU,10-K,2025-09-03,mda,400,0.023723,0.038077,0.9382,-0.014354,0.0,0.0,1
JNJ,10-Q,2016-05-10,full_fallback,14400,0.062528,0.447152,0.49032,-0.384624,0.027778,0.416667,36
JNJ,10-Q,2016-08-04,full_fallback,14400,0.063682,0.377066,0.559252,-0.313384,0.027778,0.305556,36
JNJ,10-Q,2016-11-04,full_fallback,14400,0.048307,0.405726,0.545967,-0.357419,0.0,0.388889,36
JNJ,10-Q,2017-05-08,full_fallback,14400,0.048407,0.326757,0.624836,-0.278351,0.0,0.277778,36
JNJ,10-Q,2017-08-03,full_fallback,14400,0.044193,0.234679,0.721128,-0.190486,0.0,0.138889,36
JNJ,10-Q,2017-11-02,full_fallback,14400,0.044635,0.243322,0.712043,-0.198688,0.0,0.166667,36
JNJ,10-Q,2018-05-01,full_fallback,14400,0.054133,0.231642,0.714226,-0.177509,0.0,0.166667,36
JNJ,10-Q,2018-08-02,full_fallback,14800,0.052628,0.191369,0.756004,-0.138741,0.0,0.162162,37
JNJ,10-Q,2018-10-31,full_fallback,14800,0.051039,0.192221,0.75674,-0.141182,0.0,0.108108,37
JNJ,10-Q,2019-05-01,full_fallback,14400,0.046042,0.262939,0.691019,-0.216897,0.0,0.25,36
JNJ,10-Q,2019-07-29,full_fallback,11600,0.032502,0.12743,0.840068,-0.094929,0.0,0.034483,29
JNJ,10-Q,2019-10-28,full_fallback,12000,0.033277,0.137189,0.829534,-0.103912,0.0,0.066667,30
JNJ,10-Q,2020-04-29,full_fallback,14800,0.047541,0.111929,0.84053,-0.064388,0.0,0.027027,37
JNJ,10-Q,2020-07-24,full_fallback,12800,0.042404,0.136035,0.821561,-0.093631,0.0,0.09375,32
JNJ,10-Q,2020-10-23,full_fallback,12800,0.059074,0.11976,0.821166,-0.060686,0.03125,0.0625,32
JNJ,10-Q,2021-04-30,full_fallback,14800,0.046953,0.154791,0.798256,-0.107838,0.0,0.027027,37
JNJ,10-Q,2021-07-29,full_fallback,12800,0.05714,0.120179,0.822681,-0.063039,0.03125,0.03125,32
JNJ,10-Q,2021-10-29,full_fallback,12800,0.050376,0.128882,0.820742,-0.078506,0.0,0.0625,32
JNJ,10-Q,2022-04-29,full_fallback,14800,0.048903,0.137035,0.814062,-0.088133,0.0,0.081081,37
JNJ,10-Q,2022-07-29,full_fallback,13200,0.032534,0.146686,0.82078,-0.114152,0.0,0.090909,33
JNJ,10-Q,2022-10-27,full_fallback,13200,0.043769,0.133193,0.823038,-0.089423,0.030303,0.060606,33
JNJ,10-Q,2023-04-28,full_fallback,14800,0.040762,0.134639,0.824599,-0.093877,0.0,0.108108,37
JNJ,10-Q,2023-07-31,full_fallback,12000,0.037691,0.104508,0.857801,-0.066817,0.0,0.033333,30
JNJ,10-Q,2023-10-27,full_fallback,12400,0.035905,0.144827,0.819268,-0.108923,0.0,0.096774,31
JNJ,10-Q,2024-05-01,full_fallback,14800,0.038919,0.138698,0.822383,-0.099779,0.0,0.054054,37
JNJ,10-Q,2024-07-25,full_fallback,12000,0.034116,0.118258,0.847626,-0.084142,0.0,0.066667,30
JNJ,10-Q,2024-10-23,full_fallback,12000,0.038802,0.099154,0.862044,-0.060352,0.0,0.0,30
JNJ,10-Q,2025-04-23,full_fallback,14400,0.034817,0.149355,0.815828,-0.114539,0.0,0.111111,36
JNJ,10-Q,2025-07-24,full_fallback,11200,0.032816,0.116071,0.851113,-0.083256,0.0,0.071429,28
JNJ,10-Q,2025-10-22,full_fallback,11200,0.032978,0.111883,0.855139,-0.078906,0.0,0.035714,28
JNJ,10-K,2016-02-24,mda,400,0.019515,0.037123,0.943362,-0.017608,0.0,0.0,1
JNJ,10-K,2017-02-27,mda,1600,0.038006,0.39846,0.563534,-0.360455,0.0,0.5,4
JNJ,10-K,2018-02-21,mda,1600,0.044207,0.370281,0.585513,-0.326074,0.0,0.5,4
JNJ,10-K,2019-02-20,mda,2000,0.063916,0.45785,0.478234,-0.393934,0.0,0.6,5
JNJ,10-K,2020-02-18,mda,2000,0.064993,0.445211,0.489796,-0.380218,0.0,0.4,5
JNJ,10-K,2021-02-22,mda,2000,0.066539,0.473718,0.459743,-0.407179,0.0,0.6,5
JNJ,10-K,2022-02-17,mda,2000,0.08329,0.30784,0.60887,-0.22455,0.0,0.4,5
JNJ,10-K,2023-02-16,mda,2000,0.083289,0.307738,0.608973,-0.22445,0.0,0.4,5
JNJ,10-K,2024-02-16,mda,400,0.033949,0.022107,0.943943,0.011842,0.0,0.0,1
JNJ,10-K,2025-02-13,mda,2000,0.065438,0.362798,0.571764,-0.297359,0.0,0.4,5
JNJ,10-K,2026-02-11,mda,2000,0.079148,0.311353,0.609499,-0.232205,0.0,0.2,5
JPM,10-Q,2016-04-29,mda,400,0.045276,0.02089,0.933834,0.024386,0.0,0.0,1
JPM,10-Q,2016-08-03,mda,400,0.048367,0.019033,0.9326,0.029334,0.0,0.0,1
JPM,10-Q,2016-11-01,mda,400,0.046583,0.019347,0.93407,0.027236,0.0,0.0,1
JPM,10-Q,2017-05-02,mda,400,0.041379,0.020826,0.937795,0.020553,0.0,0.0,1
JPM,10-Q,2017-08-02,mda,400,0.044946,0.019255,0.935799,0.025691,0.0,0.0,1
JPM,10-Q,2017-11-01,mda,400,0.046347,0.019133,0.93452,0.027215,0.0,0.0,1
JPM,10-Q,2018-05-02,mda,400,0.043639,0.01993,0.936432,0.023709,0.0,0.0,1
JPM,10-Q,2018-08-01,mda,400,0.048077,0.018302,0.933621,0.029775,0.0,0.0,1
JPM,10-Q,2018-10-31,mda,400,0.046515,0.018819,0.934666,0.027696,0.0,0.0,1
JPM,10-Q,2019-05-02,mda,400,0.039153,0.022193,0.938654,0.01696,0.0,0.0,1
JPM,10-Q,2019-08-06,mda,400,0.046886,0.018752,0.934362,0.028133,0.0,0.0,1
JPM,10-Q,2019-11-04,mda,400,0.046835,0.018689,0.934476,0.028146,0.0,0.0,1
JPM,10-Q,2020-05-07,mda,400,0.037664,0.022393,0.939943,0.015271,0.0,0.0,1
JPM,10-Q,2020-08-03,mda,400,0.037168,0.022212,0.94062,0.014956,0.0,0.0,1
JPM,10-Q,2020-11-02,mda,400,0.037168,0.022212,0.94062,0.014956,0.0,0.0,1
JPM,10-Q,2021-05-04,mda,400,0.037593,0.02258,0.939827,0.015012,0.0,0.0,1
JPM,10-Q,2021-08-02,mda,400,0.037246,0.021191,0.941562,0.016055,0.0,0.0,1
JPM,10-Q,2021-11-02,mda,400,0.038264,0.021831,0.939904,0.016433,0.0,0.0,1
JPM,10-Q,2022-05-03,mda,400,0.040516,0.020453,0.939031,0.020064,0.0,0.0,1
JPM,10-Q,2022-08-03,mda,400,0.03963,0.019729,0.940641,0.0199,0.0,0.0,1
JPM,10-Q,2022-11-03,mda,400,0.039836,0.019587,0.940577,0.020249,0.0,0.0,1
JPM,10-Q,2023-05-03,mda,400,0.038878,0.020343,0.940779,0.018535,0.0,0.0,1
JPM,10-Q,2023-08-03,mda,400,0.040135,0.019478,0.940387,0.020657,0.0,0.0,1
JPM,10-Q,2023-11-01,mda,400,0.040227,0.019558,0.940216,0.020669,0.0,0.0,1
JPM,10-Q,2024-05-01,mda,400,0.041844,0.019449,0.938707,0.022395,0.0,0.0,1
JPM,10-Q,2024-08-02,mda,400,0.039914,0.020381,0.939705,0.019534,0.0,0.0,1
JPM,10-Q,2024-10-30,mda,400,0.0396,0.019015,0.941386,0.020585,0.0,0.0,1
JPM,10-Q,2025-05-01,mda,400,0.037281,0.024487,0.938232,0.012794,0.0,0.0,1
JPM,10-Q,2025-08-05,mda,400,0.040099,0.022549,0.937351,0.01755,0.0,0.0,1
JPM,10-Q,2025-11-04,mda,400,0.03919,0.02313,0.93768,0.01606,0.0,0.0,1
JPM,10-K,2016-02-23,full_fallback,14400,0.03962,0.238348,0.722032,-0.198729,0.0,0.222222,36
JPM,10-K,2017-02-28,full_fallback,14000,0.044705,0.092723,0.862572,-0.048019,0.0,0.085714,35
JPM,10-K,2018-02-27,full_fallback,14400,0.079912,0.071709,0.848379,0.008204,0.055556,0.027778,36
JPM,10-K,2019-02-26,full_fallback,13600,0.02072,0.678046,0.301233,-0.657326,0.0,0.735294,34
JPM,10-K,2020-02-25,full_fallback,13600,0.019404,0.620382,0.360214,-0.600978,0.0,0.676471,34
JPM,10-K,2021-02-23,full_fallback,14000,0.030811,0.397034,0.572155,-0.366223,0.0,0.457143,35
JPM,10-K,2022-02-22,full_fallback,14000,0.024979,0.46103,0.513991,-0.436052,0.0,0.542857,35
JPM,10-K,2023-02-21,full_fallback,14000,0.024125,0.494445,0.48143,-0.470321,0.0,0.571429,35
JPM,10-K,2024-02-16,full_fallback,14000,0.022147,0.431334,0.546519,-0.409186,0.0,0.542857,35
JPM,10-K,2025-02-14,full_fallback,13600,0.022373,0.482237,0.495389,-0.459864,0.0,0.558824,34
JPM,10-K,2026-02-13,full_fallback,14000,0.033849,0.366533,0.599618,-0.332684,0.028571,0.4,35
KO,10-Q,2016-04-28,full_fallback,14800,0.040525,0.144956,0.814519,-0.10443,0.0,0.054054,37
KO,10-Q,2016-07-28,full_fallback,15200,0.042753,0.175982,0.781265,-0.133228,0.0,0.105263,38
KO,10-Q,2016-10-27,full_fallback,15200,0.057182,0.175093,0.767725,-0.117911,0.0,0.105263,38
KO,10-Q,2017-04-27,full_fallback,14800,0.039346,0.124865,0.835789,-0.085518,0.0,0.027027,37
KO,10-Q,2017-07-27,full_fallback,15200,0.05143,0.181475,0.767096,-0.130045,0.0,0.131579,38
KO,10-Q,2017-10-26,full_fallback,15200,0.070398,0.170596,0.759006,-0.100198,0.026316,0.105263,38
KO,10-Q,2018-05-01,full_fallback,14800,0.047356,0.148059,0.804585,-0.100702,0.0,0.054054,37
KO,10-Q,2018-07-26,full_fallback,15200,0.058273,0.121061,0.820666,-0.062788,0.0,0.026316,38
KO,10-Q,2018-10-30,full_fallback,15200,0.054858,0.126734,0.818408,-0.071876,0.0,0.0,38
KO,10-Q,2019-04-25,full_fallback,14800,0.047257,0.160703,0.79204,-0.113446,0.027027,0.081081,37
KO,10-Q,2019-07-25,full_fallback,15200,0.046981,0.095843,0.857176,-0.048862,0.0,0.0,38
KO,10-Q,2019-10-24,full_fallback,15200,0.07491,0.099645,0.825445,-0.024735,0.052632,0.026316,38
KO,10-Q,2020-04-24,full_fallback,15200,0.063931,0.151715,0.784354,-0.087784,0.0,0.078947,38
KO,10-Q,2020-07-22,full_fallback,15600,0.057152,0.175282,0.767566,-0.118131,0.025641,0.076923,39
KO,10-Q,2020-10-22,full_fallback,15600,0.054775,0.104811,0.840414,-0.050036,0.0,0.0,39
KO,10-Q,2021-04-27,full_fallback,15200,0.060122,0.131456,0.808422,-0.071334,0.0,0.078947,38
KO,10-Q,2021-07-26,full_fallback,15600,0.061019,0.123894,0.815087,-0.062875,0.025641,0.051282,39
KO,10-Q,2021-10-28,full_fallback,15600,0.043217,0.119696,0.837088,-0.076479,0.0,0.051282,39
KO,10-Q,2022-04-28,full_fallback,15200,0.112066,0.131534,0.7564,-0.019468,0.078947,0.052632,38
KO,10-Q,2022-07-27,full_fallback,15600,0.056646,0.213162,0.730192,-0.156516,0.025641,0.128205,39
KO,10-Q,2022-10-26,full_fallback,15600,0.051386,0.179545,0.769069,-0.128159,0.0,0.102564,39
KO,10-Q,2023-04-26,full_fallback,14800,0.046815,0.167803,0.785382,-0.120987,0.0,0.135135,37
KO,10-Q,2023-07-27,full_fallback,15600,0.045506,0.188437,0.766057,-0.142932,0.0,0.102564,39
KO,10-Q,2023-10-24,full_fallback,15200,0.045141,0.187071,0.767788,-0.14193,0.0,0.105263,38
KO,10-Q,2024-05-02,full_fallback,14800,0.069771,0.110467,0.819762,-0.040695,0.027027,0.054054,37
KO,10-Q,2024-07-29,full_fallback,15600,0.072523,0.141795,0.785681,-0.069272,0.025641,0.076923,39
KO,10-Q,2024-10-24,full_fallback,15200,0.054877,0.142506,0.802617,-0.087629,0.0,0.078947,38
KO,10-Q,2025-05-01,full_fallback,15200,0.058198,0.153016,0.788785,-0.094818,0.0,0.105263,38
KO,10-Q,2025-07-24,full_fallback,15600,0.052457,0.189105,0.758438,-0.136648,0.0,0.128205,39
KO,10-Q,2025-10-23,full_fallback,15600,0.056627,0.122945,0.820428,-0.066318,0.0,0.025641,39
KO,10-K,2016-02-25,full_fallback,14400,0.095365,0.233138,0.671497,-0.137773,0.027778,0.194444,36
KO,10-K,2017-02-24,full_fallback,14400,0.08699,0.200181,0.712829,-0.113191,0.027778,0.138889,36
KO,10-K,2018-02-23,full_fallback,14400,0.0504,0.284321,0.665279,-0.233921,0.0,0.25,36
KO,10-K,2019-02-21,full_fallback,14400,0.052925,0.205465,0.74161,-0.15254,0.027778,0.138889,36
KO,10-K,2020-02-24,full_fallback,14000,0.100308,0.187178,0.712513,-0.08687,0.028571,0.171429,35
KO,10-K,2021-02-25,full_fallback,14000,0.051912,0.35105,0.597038,-0.299138,0.028571,0.342857,35
KO,10-K,2022-02-22,full_fallback,14000,0.039355,0.374931,0.585714,-0.335576,0.0,0.371429,35
KO,10-K,2023-02-21,full_fallback,14000,0.045284,0.41063,0.544087,-0.365346,0.0,0.4,35
KO,10-K,2024-02-20,full_fallback,13600,0.051212,0.411871,0.536917,-0.360659,0.0,0.441176,34
KO,10-K,2025-02-20,full_fallback,13600,0.049778,0.359618,0.590604,-0.30984,0.0,0.352941,34
KO,10-K,2026-02-20,full_fallback,13600,0.05169,0.354219,0.594091,-0.302529,0.0,0.323529,34
LIN,10-Q,2017-10-30,full_fallback,5200,0.025538,0.052794,0.921668,-0.027256,0.0,0.0,13
LIN,10-Q,2018-11-09,full_fallback,6400,0.032082,0.041121,0.926797,-0.009038,0.0,0.0,16
LIN,10-Q,2019-05-10,full_fallback,14800,0.07373,0.238494,0.687776,-0.164764,0.054054,0.243243,37
LIN,10-Q,2019-08-09,full_fallback,15200,0.030882,0.111422,0.857696,-0.08054,0.0,0.078947,38
LIN,10-Q,2019-11-12,full_fallback,14800,0.031396,0.124828,0.843776,-0.093432,0.0,0.081081,37
LIN,10-Q,2020-05-07,full_fallback,14800,0.064535,0.302217,0.633248,-0.237682,0.027027,0.27027,37
LIN,10-Q,2020-07-31,full_fallback,15200,0.059599,0.20748,0.732921,-0.147881,0.052632,0.157895,38
LIN,10-Q,2020-11-05,full_fallback,15200,0.038037,0.201868,0.760095,-0.163831,0.0,0.157895,38
LIN,10-Q,2021-05-06,full_fallback,14800,0.124409,0.162805,0.712786,-0.038396,0.108108,0.108108,37
LIN,10-Q,2021-07-30,full_fallback,15200,0.11237,0.134304,0.753325,-0.021934,0.105263,0.052632,38
LIN,10-Q,2021-10-29,full_fallback,15200,0.10033,0.168085,0.731584,-0.067755,0.105263,0.131579,38
LIN,10-Q,2022-05-02,full_fallback,14800,0.123587,0.21162,0.664794,-0.088033,0.135135,0.189189,37
LIN,10-Q,2022-07-28,full_fallback,15200,0.059954,0.236656,0.70339,-0.176701,0.026316,0.210526,38
LIN,10-Q,2022-10-27,full_fallback,14800,0.09908,0.180869,0.720051,-0.081789,0.081081,0.135135,37
LIN,10-Q,2023-04-27,full_fallback,14800,0.084528,0.282046,0.633426,-0.197518,0.054054,0.27027,37
LIN,10-Q,2023-07-27,full_fallback,15200,0.074867,0.239075,0.686058,-0.164208,0.052632,0.184211,38
LIN,10-Q,2023-10-26,full_fallback,14800,0.087634,0.216682,0.695684,-0.129048,0.108108,0.135135,37
LIN,10-Q,2024-05-02,full_fallback,14800,0.071726,0.191215,0.737059,-0.11949,0.027027,0.189189,37
LIN,10-Q,2024-08-02,full_fallback,15200,0.091988,0.224168,0.683843,-0.13218,0.078947,0.157895,38
LIN,10-Q,2024-10-31,full_fallback,15200,0.103225,0.228369,0.668406,-0.125144,0.078947,0.210526,38
LIN,10-Q,2025-05-01,full_fallback,14800,0.106959,0.263741,0.6293,-0.156782,0.108108,0.216216,37
LIN,10-Q,2025-08-01,full_fallback,15200,0.135906,0.161211,0.702883,-0.025306,0.131579,0.078947,38
LIN,10-Q,2025-10-31,full_fallback,15200,0.121845,0.165699,0.712456,-0.043855,0.105263,0.105263,38
LIN,10-K,2018-03-23,mda,400,0.018699,0.049068,0.932233,-0.030369,0.0,0.0,1
LIN,10-K,2019-03-18,mda,800,0.028495,0.110915,0.86059,-0.08242,0.0,0.0,2
LIN,10-K,2020-03-02,mda,800,0.028448,0.110794,0.860758,-0.082347,0.0,0.0,2
LIN,10-K,2021-03-01,mda,800,0.023678,0.068029,0.908293,-0.04435,0.0,0.0,2
LIN,10-K,2022-02-28,mda,800,0.025003,0.064032,0.910966,-0.039029,0.0,0.0,2
LIN,10-K,2023-02-28,mda,800,0.025006,0.063983,0.911012,-0.038977,0.0,0.0,2
LIN,10-K,2024-02-28,mda,800,0.02336,0.084613,0.892027,-0.061253,0.0,0.0,2
LIN,10-K,2025-02-26,mda,800,0.023349,0.084511,0.89214,-0.061161,0.0,0.0,2
LLY,10-Q,2016-04-29,mda,400,0.022402,0.049651,0.927947,-0.027249,0.0,0.0,1
LLY,10-Q,2016-07-28,mda,400,0.021584,0.047262,0.931154,-0.025678,0.0,0.0,1
LLY,10-Q,2016-10-28,mda,400,0.021355,0.047432,0.931213,-0.026077,0.0,0.0,1
LLY,10-Q,2017-05-01,mda,400,0.02279,0.049121,0.928088,-0.026331,0.0,0.0,1
LLY,10-Q,2017-07-28,mda,400,0.020973,0.04788,0.931146,-0.026907,0.0,0.0,1
LLY,10-Q,2017-10-27,mda,400,0.021311,0.042492,0.936198,-0.021181,0.0,0.0,1
LLY,10-Q,2018-04-27,mda,400,0.021012,0.052538,0.92645,-0.031527,0.0,0.0,1
LLY,10-Q,2018-07-25,mda,400,0.02361,0.032627,0.943763,-0.009017,0.0,0.0,1
LLY,10-Q,2018-11-06,mda,400,0.022554,0.035121,0.942325,-0.012567,0.0,0.0,1
LLY,10-Q,2019-05-02,mda,400,0.021866,0.053529,0.924605,-0.031664,0.0,0.0,1
LLY,10-Q,2019-08-02,mda,400,0.021975,0.039337,0.938689,-0.017362,0.0,0.0,1
LLY,10-Q,2019-10-25,mda,400,0.024181,0.03361,0.942208,-0.009429,0.0,0.0,1
LLY,10-Q,2020-05-01,mda,400,0.021319,0.046876,0.931805,-0.025557,0.0,0.0,1
LLY,10-Q,2020-07-31,mda,400,0.024188,0.035221,0.940591,-0.011033,0.0,0.0,1
LLY,10-Q,2020-10-28,mda,400,0.022508,0.033452,0.944041,-0.010944,0.0,0.0,1
LLY,10-Q,2021-04-30,mda,400,0.024251,0.030753,0.944996,-0.006503,0.0,0.0,1
LLY,10-Q,2021-08-03,mda,400,0.021614,0.036755,0.941631,-0.015141,0.0,0.0,1
LLY,10-Q,2021-10-27,mda,400,0.023766,0.028541,0.947693,-0.004774,0.0,0.0,1
LLY,10-Q,2022-04-29,mda,400,0.020915,0.053463,0.925621,-0.032548,0.0,0.0,1
LLY,10-Q,2022-08-04,mda,400,0.022255,0.037545,0.9402,-0.015289,0.0,0.0,1
LLY,10-Q,2022-11-01,mda,400,0.022771,0.032637,0.944592,-0.009867,0.0,0.0,1
LLY,10-Q,2023-04-27,mda,400,0.0224,0.039317,0.938283,-0.016917,0.0,0.0,1
LLY,10-Q,2023-08-08,mda,400,0.020358,0.042159,0.937483,-0.021801,0.0,0.0,1
LLY,10-Q,2023-11-02,mda,400,0.020605,0.04507,0.934325,-0.024465,0.0,0.0,1
LLY,10-Q,2024-04-30,mda,400,0.023688,0.035567,0.940745,-0.01188,0.0,0.0,1
LLY,10-Q,2024-08-08,mda,400,0.020605,0.04507,0.934325,-0.024465,0.0,0.0,1
LLY,10-Q,2024-10-30,mda,400,0.020605,0.04507,0.934325,-0.024465,0.0,0.0,1
LLY,10-Q,2025-05-01,mda,400,0.021469,0.038967,0.939564,-0.017498,0.0,0.0,1
LLY,10-Q,2025-08-07,mda,400,0.021919,0.040978,0.937103,-0.019059,0.0,0.0,1
LLY,10-Q,2025-10-30,mda,400,0.021854,0.041376,0.93677,-0.019522,0.0,0.0,1
LLY,10-K,2016-02-19,full_fallback,14000,0.101972,0.320304,0.577724,-0.218332,0.057143,0.257143,35
LLY,10-K,2017-02-21,full_fallback,14000,0.089607,0.300672,0.609721,-0.211065,0.028571,0.228571,35
LLY,10-K,2018-02-20,full_fallback,14400,0.104387,0.352019,0.543594,-0.247631,0.027778,0.361111,36
LLY,10-K,2019-02-19,full_fallback,14400,0.084081,0.378562,0.537358,-0.294481,0.0,0.388889,36
LLY,10-K,2020-02-19,full_fallback,13600,0.037912,0.272825,0.689263,-0.234914,0.0,0.205882,34
LLY,10-K,2021-02-17,full_fallback,13600,0.079718,0.207034,0.713248,-0.127316,0.029412,0.205882,34
LLY,10-K,2022-02-23,full_fallback,13600,0.075331,0.21812,0.706549,-0.14279,0.0,0.205882,34
LLY,10-K,2023-02-22,full_fallback,13600,0.074148,0.233986,0.691866,-0.159838,0.029412,0.235294,34
LLY,10-K,2024-02-21,full_fallback,13200,0.050148,0.301373,0.648478,-0.251225,0.0,0.212121,33
LLY,10-K,2025-02-19,full_fallback,13200,0.051977,0.269046,0.678978,-0.217069,0.0,0.212121,33
LLY,10-K,2026-02-12,full_fallback,13200,0.059445,0.389396,0.551159,-0.329951,0.0,0.393939,33
MA,10-Q,2016-04-28,full_fallback,14400,0.103299,0.238211,0.65849,-0.134912,0.083333,0.166667,36
MA,10-Q,2016-07-28,full_fallback,14800,0.123264,0.235675,0.641061,-0.112411,0.081081,0.189189,37
MA,10-Q,2016-10-28,full_fallback,14400,0.174149,0.199015,0.626837,-0.024866,0.166667,0.111111,36
MA,10-Q,2017-05-02,full_fallback,14400,0.127757,0.167415,0.704828,-0.039658,0.111111,0.111111,36
MA,10-Q,2017-07-27,full_fallback,14400,0.110549,0.205433,0.684018,-0.094884,0.083333,0.166667,36
MA,10-Q,2017-10-31,full_fallback,14400,0.093386,0.168121,0.738493,-0.074734,0.055556,0.111111,36
MA,10-Q,2018-05-02,full_fallback,14400,0.098453,0.171974,0.729573,-0.073522,0.055556,0.138889,36
MA,10-Q,2018-07-26,full_fallback,14400,0.094405,0.182079,0.723516,-0.087674,0.083333,0.138889,36
MA,10-Q,2018-10-30,full_fallback,14400,0.072094,0.178634,0.749272,-0.106541,0.027778,0.111111,36
MA,10-Q,2019-04-30,full_fallback,14400,0.045402,0.176817,0.777781,-0.131415,0.0,0.138889,36
MA,10-Q,2019-07-30,full_fallback,14400,0.059587,0.158439,0.781974,-0.098852,0.0,0.111111,36
MA,10-Q,2019-10-29,full_fallback,14800,0.062852,0.168747,0.768401,-0.105895,0.027027,0.162162,37
MA,10-Q,2020-04-29,full_fallback,14400,0.071592,0.168054,0.760354,-0.096463,0.055556,0.083333,36
MA,10-Q,2020-07-30,full_fallback,14800,0.047675,0.212726,0.739599,-0.16505,0.0,0.162162,37
MA,10-Q,2020-10-28,full_fallback,14400,0.053558,0.235109,0.711333,-0.181551,0.0,0.222222,36
MA,10-Q,2021-04-29,full_fallback,14400,0.056938,0.148478,0.794584,-0.09154,0.027778,0.083333,36
MA,10-Q,2021-07-29,full_fallback,14800,0.087553,0.13382,0.778627,-0.046267,0.054054,0.081081,37
MA,10-Q,2021-10-28,full_fallback,14400,0.047666,0.13434,0.817994,-0.086674,0.027778,0.055556,36
MA,10-Q,2022-04-28,full_fallback,14400,0.058786,0.152401,0.788813,-0.093616,0.027778,0.055556,36
MA,10-Q,2022-07-28,full_fallback,14800,0.058291,0.149481,0.792228,-0.09119,0.027027,0.108108,37
MA,10-Q,2022-10-27,full_fallback,14400,0.036901,0.161257,0.801842,-0.124355,0.0,0.111111,36
MA,10-Q,2023-04-27,full_fallback,14400,0.043216,0.181226,0.775558,-0.13801,0.0,0.166667,36
MA,10-Q,2023-07-27,full_fallback,14400,0.063228,0.153783,0.782989,-0.090555,0.027778,0.138889,36
MA,10-Q,2023-10-26,full_fallback,14400,0.062092,0.183218,0.75469,-0.121126,0.027778,0.166667,36
MA,10-Q,2024-05-01,full_fallback,14400,0.054939,0.15058,0.794481,-0.095641,0.027778,0.111111,36
MA,10-Q,2024-07-31,full_fallback,14800,0.039456,0.165555,0.794988,-0.126099,0.0,0.108108,37
MA,10-Q,2024-10-31,full_fallback,14400,0.062783,0.157917,0.779301,-0.095134,0.027778,0.138889,36
MA,10-Q,2025-05-01,full_fallback,14400,0.036737,0.152711,0.810552,-0.115973,0.0,0.111111,36
MA,10-Q,2025-07-31,full_fallback,14800,0.055074,0.129392,0.815533,-0.074318,0.027027,0.027027,37
MA,10-Q,2025-10-30,full_fallback,14400,0.058294,0.153886,0.78782,-0.095592,0.027778,0.083333,36
MA,10-K,2016-02-12,full_fallback,14800,0.110495,0.331981,0.557524,-0.221486,0.054054,0.297297,37
MA,10-K,2017-02-15,full_fallback,14400,0.124742,0.346851,0.528407,-0.222109,0.111111,0.305556,36
MA,10-K,2018-02-14,full_fallback,14400,0.079337,0.334551,0.586112,-0.255214,0.027778,0.305556,36
MA,10-K,2019-02-13,full_fallback,14800,0.142305,0.308117,0.549578,-0.165813,0.135135,0.324324,37
MA,10-K,2020-02-14,full_fallback,14000,0.060621,0.425111,0.514268,-0.36449,0.028571,0.485714,35
MA,10-K,2021-02-12,full_fallback,14000,0.033663,0.506316,0.460022,-0.472653,0.0,0.571429,35
MA,10-K,2022-02-11,full_fallback,13600,0.04306,0.502784,0.454156,-0.459724,0.0,0.558824,34
MA,10-K,2023-02-14,full_fallback,13600,0.042196,0.561912,0.395892,-0.519717,0.0,0.647059,34
MA,10-K,2024-02-13,full_fallback,13600,0.042534,0.575859,0.381607,-0.533325,0.0,0.705882,34
MA,10-K,2025-02-12,full_fallback,13600,0.042744,0.551111,0.406144,-0.508367,0.0,0.647059,34
MA,10-K,2026-02-11,full_fallback,13600,0.038983,0.491765,0.469252,-0.452782,0.0,0.529412,34
MCD,10-Q,2016-05-06,full_fallback,13200,0.191485,0.328077,0.480438,-0.136592,0.151515,0.363636,33
MCD,10-Q,2016-08-04,full_fallback,14000,0.169283,0.397669,0.433048,-0.228386,0.114286,0.457143,35
MCD,10-Q,2016-11-04,full_fallback,14000,0.194928,0.344936,0.460136,-0.150009,0.2,0.342857,35
MCD,10-Q,2017-05-08,full_fallback,13200,0.160762,0.33641,0.502828,-0.175648,0.090909,0.363636,33
MCD,10-Q,2017-08-08,full_fallback,14000,0.227232,0.320904,0.451863,-0.093672,0.257143,0.314286,35
MCD,10-Q,2017-11-02,full_fallback,14000,0.237938,0.351318,0.410744,-0.11338,0.257143,0.342857,35
MCD,10-Q,2018-05-08,full_fallback,14000,0.197909,0.345973,0.456118,-0.148065,0.2,0.342857,35
MCD,10-Q,2018-08-02,full_fallback,14000,0.202288,0.36514,0.432571,-0.162852,0.171429,0.4,35
MCD,10-Q,2018-11-01,full_fallback,14400,0.223349,0.309927,0.466724,-0.086578,0.222222,0.333333,36
MCD,10-Q,2019-05-08,full_fallback,14000,0.141423,0.365299,0.493278,-0.223877,0.114286,0.4,35
MCD,10-Q,2019-08-06,full_fallback,14000,0.152315,0.343989,0.503696,-0.191674,0.085714,0.371429,35
MCD,10-Q,2019-11-04,full_fallback,14000,0.160799,0.327625,0.511575,-0.166826,0.114286,0.342857,35
MCD,10-Q,2020-05-07,full_fallback,14000,0.084715,0.485845,0.42944,-0.40113,0.028571,0.514286,35
MCD,10-Q,2020-08-10,full_fallback,14000,0.098834,0.395876,0.50529,-0.297042,0.057143,0.457143,35
MCD,10-Q,2020-11-09,full_fallback,14400,0.133523,0.362129,0.504348,-0.228607,0.083333,0.388889,36
MCD,10-Q,2021-05-05,full_fallback,13600,0.181217,0.362203,0.45658,-0.180986,0.117647,0.411765,34
MCD,10-Q,2021-08-04,full_fallback,14000,0.169102,0.302527,0.528371,-0.133424,0.142857,0.285714,35
MCD,10-Q,2021-11-02,full_fallback,14000,0.19996,0.302204,0.497836,-0.102244,0.142857,0.342857,35
MCD,10-Q,2022-05-02,full_fallback,13600,0.169797,0.326782,0.503421,-0.156985,0.117647,0.382353,34
MCD,10-Q,2022-08-04,full_fallback,14000,0.151715,0.311098,0.537187,-0.159382,0.114286,0.314286,35
MCD,10-Q,2022-11-07,full_fallback,14000,0.156251,0.350284,0.493465,-0.194032,0.114286,0.342857,35
MCD,10-Q,2023-05-04,full_fallback,13600,0.204814,0.288652,0.506534,-0.083838,0.205882,0.323529,34
MCD,10-Q,2023-08-02,full_fallback,14000,0.219949,0.225989,0.554063,-0.00604,0.2,0.2,35
MCD,10-Q,2023-11-02,full_fallback,14000,0.222047,0.202057,0.575896,0.019991,0.2,0.171429,35
MCD,10-Q,2024-05-08,full_fallback,14000,0.198102,0.250336,0.551562,-0.052233,0.142857,0.285714,35
MCD,10-Q,2024-08-08,full_fallback,14400,0.177592,0.24378,0.578628,-0.066188,0.138889,0.25,36
MCD,10-Q,2024-11-07,full_fallback,14400,0.157582,0.307677,0.534741,-0.150095,0.111111,0.305556,36
MCD,10-Q,2025-05-12,full_fallback,14000,0.137017,0.317283,0.545701,-0.180266,0.085714,0.371429,35
MCD,10-Q,2025-08-06,full_fallback,14400,0.222582,0.158469,0.618949,0.064114,0.194444,0.138889,36
MCD,10-Q,2025-11-05,full_fallback,14400,0.251616,0.162181,0.586203,0.089435,0.25,0.138889,36
MCD,10-K,2016-02-25,full_fallback,14400,0.184564,0.336865,0.478571,-0.152301,0.111111,0.388889,36
MCD,10-K,2017-03-01,full_fallback,14400,0.215708,0.30077,0.483522,-0.085063,0.194444,0.305556,36
MCD,10-K,2018-02-23,full_fallback,14400,0.331052,0.215291,0.453657,0.115761,0.388889,0.194444,36
MCD,10-K,2019-02-22,full_fallback,14400,0.296453,0.22636,0.477187,0.070093,0.333333,0.194444,36
MCD,10-K,2020-02-26,mda,43600,0.122295,0.187578,0.690127,-0.065284,0.091743,0.146789,109
MCD,10-K,2021-02-23,mda,45600,0.083333,0.236417,0.68025,-0.153084,0.035088,0.22807,114
MCD,10-K,2022-02-24,mda,45200,0.127179,0.172002,0.700819,-0.044824,0.097345,0.141593,113
MCD,10-K,2023-02-24,mda,44800,0.100449,0.211572,0.687979,-0.111123,0.053571,0.1875,112
MCD,10-K,2024-02-22,mda,46000,0.131005,0.156548,0.712448,-0.025543,0.078261,0.113043,115
MCD,10-K,2025-02-25,mda,47600,0.100755,0.182817,0.716428,-0.082063,0.07563,0.159664,119
META,10-Q,2016-04-28,full_fallback,14800,0.134015,0.391442,0.474542,-0.257427,0.054054,0.405405,37
META,10-Q,2016-07-28,full_fallback,14800,0.150071,0.357837,0.492092,-0.207766,0.135135,0.324324,37
META,10-Q,2016-11-03,full_fallback,14800,0.175967,0.298089,0.525945,-0.122122,0.189189,0.297297,37
META,10-Q,2017-05-04,full_fallback,14800,0.102488,0.351531,0.545982,-0.249043,0.027027,0.324324,37
META,10-Q,2017-07-27,full_fallback,14800,0.117524,0.339137,0.54334,-0.221613,0.054054,0.351351,37
META,10-Q,2017-11-02,full_fallback,14800,0.116446,0.339557,0.543996,-0.223111,0.054054,0.378378,37
META,10-Q,2018-04-26,full_fallback,14800,0.154416,0.331941,0.513643,-0.177525,0.135135,0.27027,37
META,10-Q,2018-07-26,full_fallback,14800,0.143883,0.291625,0.564492,-0.147742,0.081081,0.243243,37
META,10-Q,2018-10-31,full_fallback,14800,0.154084,0.293696,0.55222,-0.139612,0.108108,0.324324,37
META,10-Q,2019-04-25,full_fallback,14800,0.120947,0.385292,0.493761,-0.264345,0.054054,0.405405,37
META,10-Q,2019-07-25,full_fallback,14800,0.128125,0.29336,0.578515,-0.165235,0.054054,0.216216,37
META,10-Q,2019-10-31,full_fallback,14800,0.151712,0.259167,0.589121,-0.107456,0.135135,0.189189,37
META,10-Q,2020-04-30,full_fallback,14800,0.092368,0.316871,0.59076,-0.224503,0.054054,0.27027,37
META,10-Q,2020-07-31,full_fallback,15200,0.105038,0.231587,0.663376,-0.126549,0.078947,0.184211,38
META,10-Q,2020-10-30,full_fallback,14800,0.103758,0.216045,0.680197,-0.112286,0.054054,0.216216,37
META,10-Q,2021-04-29,full_fallback,14800,0.171441,0.259186,0.569374,-0.087745,0.162162,0.189189,37
META,10-Q,2021-07-29,full_fallback,14800,0.117541,0.246271,0.636188,-0.12873,0.081081,0.189189,37
META,10-Q,2021-10-26,full_fallback,14800,0.159624,0.218689,0.621687,-0.059065,0.162162,0.162162,37
META,10-Q,2022-04-28,full_fallback,14800,0.112361,0.322297,0.565341,-0.209936,0.081081,0.297297,37
META,10-Q,2022-07-28,full_fallback,14800,0.086319,0.291567,0.622114,-0.205249,0.054054,0.297297,37
META,10-Q,2022-10-27,full_fallback,14800,0.101314,0.328353,0.570334,-0.227039,0.027027,0.351351,37
META,10-Q,2023-04-27,full_fallback,14800,0.114093,0.31547,0.570437,-0.201377,0.054054,0.324324,37
META,10-Q,2023-07-27,full_fallback,14800,0.135571,0.266693,0.597736,-0.131122,0.108108,0.27027,37
META,10-Q,2023-10-26,full_fallback,14800,0.122848,0.282383,0.594768,-0.159535,0.054054,0.27027,37
META,10-Q,2024-04-25,full_fallback,14800,0.136679,0.29533,0.56799,-0.158651,0.108108,0.243243,37
META,10-Q,2024-08-01,full_fallback,14800,0.146765,0.226684,0.626551,-0.079918,0.108108,0.216216,37
META,10-Q,2024-10-31,full_fallback,14800,0.139675,0.191519,0.668807,-0.051844,0.081081,0.135135,37
META,10-Q,2025-05-01,full_fallback,14800,0.155284,0.248401,0.596315,-0.093117,0.108108,0.189189,37
META,10-Q,2025-07-31,full_fallback,14800,0.151416,0.258941,0.589643,-0.107525,0.081081,0.189189,37
META,10-Q,2025-10-30,full_fallback,14800,0.183926,0.198691,0.617383,-0.014765,0.189189,0.135135,37
META,10-K,2016-01-28,full_fallback,14800,0.082129,0.377168,0.540703,-0.29504,0.054054,0.378378,37
META,10-K,2017-02-03,full_fallback,14800,0.073719,0.382086,0.544195,-0.308367,0.054054,0.405405,37
META,10-K,2018-02-01,full_fallback,14800,0.04331,0.433554,0.523136,-0.390245,0.0,0.486486,37
META,10-K,2019-01-31,full_fallback,14400,0.049711,0.451749,0.49854,-0.402037,0.027778,0.5,36
META,10-K,2020-01-30,full_fallback,14400,0.033055,0.551446,0.415499,-0.518391,0.0,0.583333,36
META,10-K,2021-01-28,full_fallback,14400,0.030491,0.586293,0.383215,-0.555802,0.0,0.694444,36
META,10-K,2022-02-03,full_fallback,14400,0.036389,0.566507,0.397104,-0.530118,0.0,0.694444,36
META,10-K,2023-02-02,full_fallback,14400,0.040786,0.57285,0.386364,-0.532064,0.0,0.666667,36
META,10-K,2024-02-02,full_fallback,14400,0.047209,0.52134,0.431451,-0.474132,0.0,0.583333,36
META,10-K,2025-01-30,full_fallback,14400,0.047105,0.532404,0.420491,-0.485299,0.0,0.555556,36
META,10-K,2026-01-29,full_fallback,14000,0.03321,0.55217,0.41462,-0.518961,0.0,0.6,35
MRK,10-Q,2016-05-09,mda,11600,0.102741,0.504155,0.393103,-0.401414,0.068966,0.551724,29
MRK,10-Q,2016-08-08,mda,15200,0.179253,0.404651,0.416096,-0.225398,0.157895,0.394737,38
MRK,10-Q,2016-11-07,mda,16400,0.188926,0.428448,0.382627,-0.239522,0.195122,0.414634,41
MRK,10-Q,2017-05-09,mda,11600,0.121954,0.379891,0.498155,-0.257938,0.103448,0.37931,29
MRK,10-Q,2017-08-08,mda,15200,0.114865,0.472258,0.412877,-0.357392,0.078947,0.5,38
MRK,10-Q,2017-11-07,mda,16400,0.145666,0.456963,0.397371,-0.311296,0.097561,0.512195,41
MRK,10-Q,2018-05-08,mda,10800,0.202613,0.363726,0.43366,-0.161113,0.148148,0.407407,27
MRK,10-Q,2018-08-07,mda,14000,0.193816,0.329736,0.476447,-0.13592,0.114286,0.371429,35
MRK,10-Q,2018-11-06,mda,16000,0.231266,0.341941,0.426792,-0.110675,0.2,0.35,40
MRK,10-Q,2019-05-08,mda,10000,0.217818,0.324346,0.457836,-0.106527,0.2,0.32,25
MRK,10-Q,2019-08-06,mda,12000,0.213385,0.393424,0.39319,-0.180039,0.133333,0.466667,30
MRK,10-Q,2019-11-05,mda,400,0.020416,0.170163,0.809421,-0.149747,0.0,0.0,1
MRK,10-Q,2020-05-06,mda,400,0.022767,0.143693,0.83354,-0.120926,0.0,0.0,1
MRK,10-Q,2020-08-05,mda,400,0.021677,0.117531,0.860792,-0.095854,0.0,0.0,1
MRK,10-Q,2020-11-05,mda,400,0.021962,0.10951,0.868527,-0.087548,0.0,0.0,1
MRK,10-Q,2021-05-05,full_fallback,14400,0.054821,0.07971,0.865469,-0.024889,0.0,0.0,36
MRK,10-Q,2021-08-09,full_fallback,12000,0.048843,0.104822,0.846334,-0.055979,0.0,0.066667,30
MRK,10-Q,2021-11-05,full_fallback,12400,0.07136,0.062539,0.866101,0.00882,0.0,0.0,31
MRK,10-Q,2022-05-05,full_fallback,14400,0.053868,0.097715,0.848417,-0.043847,0.027778,0.027778,36
MRK,10-Q,2022-08-05,full_fallback,11200,0.06356,0.058407,0.878034,0.005153,0.0,0.0,28
MRK,10-Q,2022-11-03,full_fallback,11600,0.077716,0.048615,0.873669,0.0291,0.034483,0.0,29
MRK,10-Q,2023-05-05,full_fallback,14000,0.060692,0.095785,0.843522,-0.035093,0.028571,0.028571,35
MRK,10-Q,2023-08-07,full_fallback,11200,0.06431,0.065099,0.87059,-0.000789,0.0,0.035714,28
MRK,10-Q,2023-11-03,full_fallback,11200,0.073714,0.050989,0.875297,0.022725,0.0,0.0,28
MRK,10-Q,2024-05-03,full_fallback,14000,0.054516,0.080636,0.864848,-0.026121,0.0,0.028571,35
MRK,10-Q,2024-08-05,full_fallback,11200,0.070513,0.052999,0.876488,0.017514,0.0,0.0,28
MRK,10-Q,2024-11-06,full_fallback,11600,0.095423,0.045605,0.858972,0.049818,0.034483,0.0,29
MRK,10-Q,2025-05-02,full_fallback,14400,0.052773,0.102788,0.844438,-0.050015,0.0,0.0,36
MRK,10-Q,2025-08-05,full_fallback,11200,0.0714,0.05882,0.869781,0.01258,0.0,0.0,28
MRK,10-Q,2025-11-05,full_fallback,11600,0.083382,0.047794,0.868825,0.035588,0.0,0.0,29
MRK,10-K,2016-02-26,full_fallback,14000,0.1908,0.58502,0.22418,-0.39422,0.2,0.628571,35
MRK,10-K,2017-02-28,full_fallback,14400,0.182737,0.503725,0.313538,-0.320989,0.138889,0.555556,36
MRK,10-K,2018-02-27,full_fallback,14400,0.186584,0.432623,0.380793,-0.24604,0.138889,0.472222,36
MRK,10-K,2019-02-27,full_fallback,14000,0.223906,0.376805,0.399289,-0.152899,0.2,0.371429,35
MRK,10-K,2020-02-26,full_fallback,13600,0.146052,0.094497,0.759451,0.051555,0.058824,0.058824,34
MRK,10-K,2021-02-25,full_fallback,13600,0.163957,0.096883,0.73916,0.067074,0.088235,0.058824,34
MRK,10-K,2022-02-25,full_fallback,13600,0.157062,0.077331,0.765607,0.079731,0.058824,0.058824,34
MRK,10-K,2023-02-24,full_fallback,13600,0.120137,0.135149,0.744714,-0.015012,0.058824,0.117647,34
MRK,10-K,2024-02-26,full_fallback,13600,0.114156,0.15319,0.732655,-0.039034,0.029412,0.147059,34
MRK,10-K,2025-02-25,full_fallback,13600,0.098948,0.122013,0.779039,-0.023065,0.029412,0.117647,34
MSFT,10-Q,2016-01-28,full_fallback,14400,0.095317,0.450793,0.45389,-0.355476,0.083333,0.416667,36
MSFT,10-Q,2016-04-21,full_fallback,14400,0.117402,0.37871,0.503888,-0.261309,0.111111,0.333333,36
MSFT,10-Q,2016-10-20,full_fallback,14000,0.141407,0.255198,0.603395,-0.113791,0.114286,0.2,35
MSFT,10-Q,2017-01-26,full_fallback,14400,0.163889,0.315477,0.520634,-0.151588,0.138889,0.277778,36
MSFT,10-Q,2017-04-27,full_fallback,14400,0.20369,0.267849,0.528462,-0.064159,0.166667,0.25,36
MSFT,10-Q,2017-10-26,full_fallback,14400,0.17252,0.139182,0.688298,0.033339,0.194444,0.083333,36
MSFT,10-Q,2018-01-31,full_fallback,14800,0.261411,0.140713,0.597876,0.120698,0.297297,0.054054,37
MSFT,10-Q,2018-04-26,full_fallback,14800,0.24777,0.134446,0.617784,0.113324,0.216216,0.081081,37
MSFT,10-Q,2018-10-24,full_fallback,14000,0.167968,0.182755,0.649277,-0.014787,0.142857,0.142857,35
MSFT,10-Q,2019-01-30,full_fallback,14400,0.186111,0.180486,0.633403,0.005624,0.111111,0.222222,36
MSFT,10-Q,2019-04-24,full_fallback,14400,0.224502,0.178659,0.596839,0.045843,0.222222,0.138889,36
MSFT,10-Q,2019-10-23,full_fallback,14400,0.161011,0.162244,0.676745,-0.001234,0.166667,0.111111,36
MSFT,10-Q,2020-01-29,full_fallback,15200,0.160261,0.209579,0.630159,-0.049318,0.131579,0.184211,38
MSFT,10-Q,2020-04-29,full_fallback,14800,0.193175,0.179582,0.627242,0.013593,0.162162,0.162162,37
MSFT,10-Q,2020-10-27,full_fallback,14400,0.147784,0.1577,0.694515,-0.009916,0.111111,0.083333,36
MSFT,10-Q,2021-01-26,full_fallback,14800,0.207996,0.173523,0.618481,0.034473,0.216216,0.135135,37
MSFT,10-Q,2021-04-27,full_fallback,14800,0.228372,0.141349,0.630279,0.087023,0.243243,0.135135,37
MSFT,10-Q,2021-10-26,full_fallback,14400,0.16157,0.139641,0.698789,0.021929,0.138889,0.111111,36
MSFT,10-Q,2022-01-25,full_fallback,14800,0.212742,0.144482,0.642777,0.06826,0.189189,0.108108,37
MSFT,10-Q,2022-04-26,full_fallback,14800,0.187019,0.153167,0.659814,0.033852,0.162162,0.108108,37
MSFT,10-Q,2022-10-25,full_fallback,14400,0.135954,0.199863,0.664183,-0.063908,0.111111,0.166667,36
MSFT,10-Q,2023-01-24,full_fallback,14800,0.069144,0.344607,0.586249,-0.275463,0.0,0.378378,37
MSFT,10-Q,2023-04-25,full_fallback,14800,0.145674,0.258341,0.595985,-0.112667,0.108108,0.27027,37
MSFT,10-Q,2023-10-24,full_fallback,14400,0.166417,0.126798,0.706784,0.039619,0.166667,0.083333,36
MSFT,10-Q,2024-01-30,full_fallback,14800,0.207097,0.149565,0.643339,0.057532,0.216216,0.081081,37
MSFT,10-Q,2024-04-25,full_fallback,14800,0.18039,0.143271,0.67634,0.037119,0.189189,0.081081,37
MSFT,10-Q,2024-10-30,full_fallback,14400,0.11347,0.106488,0.780041,0.006982,0.055556,0.055556,36
MSFT,10-Q,2025-01-29,full_fallback,14800,0.139155,0.166533,0.694312,-0.027377,0.108108,0.108108,37
MSFT,10-Q,2025-04-30,full_fallback,14800,0.144534,0.180404,0.675062,-0.03587,0.135135,0.108108,37
MSFT,10-Q,2025-10-29,full_fallback,14400,0.145895,0.144264,0.709841,0.001631,0.138889,0.083333,36
MSFT,10-Q,2026-01-28,full_fallback,14800,0.15883,0.17941,0.66176,-0.02058,0.135135,0.108108,37
MSFT,10-K,2016-07-28,full_fallback,14000,0.123459,0.623436,0.253105,-0.499977,0.057143,0.742857,35
MSFT,10-K,2017-08-02,full_fallback,14000,0.089427,0.59779,0.312783,-0.508363,0.057143,0.657143,35
MSFT,10-K,2018-08-03,full_fallback,14000,0.193314,0.4903,0.316386,-0.296986,0.114286,0.628571,35
MSFT,10-K,2019-08-01,full_fallback,14000,0.221827,0.420409,0.357764,-0.198582,0.171429,0.457143,35
MSFT,10-K,2020-07-30,full_fallback,13600,0.048333,0.478492,0.473176,-0.430159,0.0,0.529412,34
MSFT,10-K,2021-07-29,full_fallback,13600,0.063377,0.402685,0.533937,-0.339308,0.0,0.470588,34
MSFT,10-K,2022-07-28,full_fallback,13600,0.073296,0.393709,0.532995,-0.320413,0.0,0.470588,34
MSFT,10-K,2023-07-27,full_fallback,13600,0.065838,0.424042,0.51012,-0.358204,0.0,0.529412,34
MSFT,10-K,2024-07-30,full_fallback,13600,0.047788,0.422409,0.529803,-0.374621,0.0,0.5,34
MSFT,10-K,2025-07-30,full_fallback,13600,0.053845,0.488054,0.458102,-0.434209,0.0,0.558824,34
NFLX,10-Q,2016-04-20,full_fallback,13600,0.133621,0.217112,0.649268,-0.083491,0.058824,0.205882,34
NFLX,10-Q,2016-07-19,full_fallback,14400,0.183642,0.26345,0.552908,-0.079808,0.194444,0.25,36
NFLX,10-Q,2016-10-20,full_fallback,14400,0.201217,0.237218,0.561565,-0.036001,0.194444,0.194444,36
NFLX,10-Q,2017-04-20,full_fallback,12800,0.134852,0.194783,0.670365,-0.059931,0.0625,0.1875,32
NFLX,10-Q,2017-07-19,full_fallback,14400,0.200684,0.189107,0.61021,0.011577,0.222222,0.138889,36
NFLX,10-Q,2017-10-18,full_fallback,14400,0.236855,0.17164,0.591504,0.065215,0.25,0.138889,36
NFLX,10-Q,2018-04-18,full_fallback,12400,0.152111,0.176687,0.671202,-0.024576,0.16129,0.129032,31
NFLX,10-Q,2018-07-18,full_fallback,14400,0.223449,0.182435,0.594115,0.041014,0.194444,0.111111,36
NFLX,10-Q,2018-10-18,full_fallback,14400,0.157989,0.167206,0.674804,-0.009217,0.111111,0.138889,36
NFLX,10-Q,2019-04-18,full_fallback,13200,0.130483,0.142083,0.727433,-0.0116,0.090909,0.060606,33
NFLX,10-Q,2019-07-19,full_fallback,14800,0.183707,0.129687,0.686606,0.054019,0.189189,0.027027,37
NFLX,10-Q,2019-10-18,full_fallback,14400,0.179606,0.150498,0.669895,0.029108,0.194444,0.083333,36
NFLX,10-Q,2020-04-21,full_fallback,14400,0.099123,0.209461,0.691415,-0.110338,0.083333,0.194444,36
NFLX,10-Q,2020-07-20,full_fallback,14800,0.095445,0.215558,0.688998,-0.120113,0.081081,0.216216,37
NFLX,10-Q,2020-10-22,full_fallback,14800,0.112377,0.178935,0.708687,-0.066558,0.081081,0.135135,37
NFLX,10-Q,2021-04-22,full_fallback,14000,0.082912,0.15319,0.763898,-0.070279,0.057143,0.114286,35
NFLX,10-Q,2021-07-22,full_fallback,14800,0.093491,0.223952,0.682556,-0.130461,0.081081,0.216216,37
NFLX,10-Q,2021-10-21,full_fallback,14400,0.11089,0.211501,0.677609,-0.100612,0.111111,0.166667,36
NFLX,10-Q,2022-04-21,full_fallback,13200,0.09974,0.122081,0.778179,-0.022342,0.030303,0.090909,33
NFLX,10-Q,2022-07-21,full_fallback,14800,0.113483,0.209031,0.677487,-0.095548,0.081081,0.162162,37
NFLX,10-Q,2022-10-20,full_fallback,14400,0.065693,0.204842,0.729466,-0.139149,0.027778,0.166667,36
NFLX,10-Q,2023-04-21,full_fallback,12400,0.082548,0.167136,0.750315,-0.084588,0.032258,0.096774,31
NFLX,10-Q,2023-07-21,full_fallback,14800,0.04814,0.268644,0.683216,-0.220504,0.0,0.27027,37
NFLX,10-Q,2023-10-20,full_fallback,14400,0.05574,0.26729,0.67697,-0.211551,0.0,0.277778,36
NFLX,10-Q,2024-04-22,full_fallback,14400,0.069959,0.120196,0.809845,-0.050237,0.027778,0.055556,36
NFLX,10-Q,2024-07-19,full_fallback,14400,0.051462,0.123872,0.824666,-0.07241,0.0,0.027778,36
NFLX,10-Q,2024-10-18,full_fallback,14400,0.055632,0.155309,0.78906,-0.099677,0.027778,0.083333,36
NFLX,10-Q,2025-04-18,full_fallback,14400,0.056847,0.112051,0.831102,-0.055203,0.027778,0.027778,36
NFLX,10-Q,2025-07-18,full_fallback,14800,0.069849,0.179005,0.751147,-0.109156,0.027027,0.108108,37
NFLX,10-Q,2025-10-22,full_fallback,14400,0.062148,0.182812,0.75504,-0.120664,0.0,0.111111,36
NFLX,10-K,2016-01-28,full_fallback,14400,0.186588,0.261024,0.552389,-0.074436,0.194444,0.277778,36
NFLX,10-K,2017-01-27,full_fallback,14400,0.159661,0.257685,0.582654,-0.098024,0.138889,0.222222,36
NFLX,10-K,2018-01-29,full_fallback,14400,0.197651,0.240069,0.56228,-0.042418,0.194444,0.194444,36
NFLX,10-K,2019-01-29,full_fallback,14400,0.183494,0.234699,0.581807,-0.051205,0.166667,0.222222,36
NFLX,10-K,2020-01-29,full_fallback,14400,0.113361,0.304355,0.582284,-0.190994,0.111111,0.305556,36
NFLX,10-K,2021-01-28,full_fallback,14000,0.077372,0.378698,0.543929,-0.301326,0.057143,0.4,35
NFLX,10-K,2022-01-27,full_fallback,14000,0.055424,0.419274,0.525303,-0.36385,0.0,0.4,35
NFLX,10-K,2023-01-26,full_fallback,14400,0.052885,0.32679,0.620326,-0.273905,0.0,0.305556,36
NFLX,10-K,2024-01-26,full_fallback,14000,0.06908,0.33994,0.59098,-0.27086,0.028571,0.314286,35
NFLX,10-K,2025-01-27,full_fallback,14000,0.056758,0.331872,0.61137,-0.275115,0.028571,0.314286,35
NFLX,10-K,2026-01-23,full_fallback,14000,0.054765,0.414414,0.530821,-0.359649,0.0,0.457143,35
NVDA,10-Q,2016-05-25,full_fallback,14800,0.135235,0.09798,0.766786,0.037255,0.135135,0.027027,37
NVDA,10-Q,2016-08-23,full_fallback,14800,0.168005,0.14106,0.690935,0.026945,0.135135,0.081081,37
NVDA,10-Q,2016-11-22,full_fallback,14800,0.188999,0.144665,0.666336,0.044334,0.135135,0.135135,37
NVDA,10-Q,2017-05-23,full_fallback,13600,0.142866,0.139682,0.717452,0.003183,0.117647,0.117647,34
NVDA,10-Q,2017-08-23,full_fallback,14800,0.14405,0.128448,0.727502,0.015601,0.135135,0.081081,37
NVDA,10-Q,2017-11-21,full_fallback,14400,0.188152,0.116863,0.694985,0.07129,0.166667,0.055556,36
NVDA,10-Q,2018-05-22,full_fallback,12800,0.160351,0.13479,0.704859,0.025561,0.15625,0.125,32
NVDA,10-Q,2018-08-16,full_fallback,13600,0.153397,0.139243,0.707361,0.014154,0.147059,0.088235,34
NVDA,10-Q,2018-11-15,full_fallback,14000,0.180203,0.174697,0.6451,0.005505,0.2,0.114286,35
NVDA,10-Q,2019-05-16,full_fallback,12800,0.048754,0.290768,0.660478,-0.242014,0.03125,0.25,32
NVDA,10-Q,2019-08-15,full_fallback,14800,0.073299,0.225942,0.70076,-0.152643,0.054054,0.162162,37
NVDA,10-Q,2019-11-14,full_fallback,14800,0.090347,0.307464,0.602189,-0.217117,0.081081,0.324324,37
NVDA,10-Q,2020-05-21,full_fallback,14400,0.07775,0.304564,0.617686,-0.226814,0.027778,0.305556,36
NVDA,10-Q,2020-08-19,full_fallback,14800,0.086807,0.198019,0.715175,-0.111212,0.054054,0.189189,37
NVDA,10-Q,2020-11-18,full_fallback,14800,0.07919,0.186643,0.734167,-0.107453,0.027027,0.189189,37
NVDA,10-Q,2021-05-26,full_fallback,14800,0.14288,0.221481,0.635638,-0.078601,0.135135,0.216216,37
NVDA,10-Q,2021-08-20,full_fallback,14800,0.126508,0.242636,0.630856,-0.116128,0.108108,0.216216,37
NVDA,10-Q,2021-11-22,full_fallback,14800,0.177761,0.207646,0.614592,-0.029885,0.162162,0.135135,37
NVDA,10-Q,2022-05-27,full_fallback,14400,0.108949,0.40585,0.485201,-0.296901,0.055556,0.416667,36
NVDA,10-Q,2022-08-31,full_fallback,14800,0.067277,0.461309,0.471414,-0.394032,0.027027,0.459459,37
NVDA,10-Q,2022-11-18,full_fallback,14800,0.048868,0.450109,0.501023,-0.401242,0.027027,0.432432,37
NVDA,10-Q,2023-05-26,full_fallback,14400,0.056732,0.509586,0.433681,-0.452854,0.027778,0.555556,36
NVDA,10-Q,2023-08-28,full_fallback,14800,0.138726,0.327957,0.533317,-0.189231,0.108108,0.297297,37
NVDA,10-Q,2023-11-21,full_fallback,14800,0.148306,0.316822,0.534872,-0.168516,0.108108,0.324324,37
NVDA,10-Q,2024-05-29,full_fallback,14800,0.162873,0.293127,0.544,-0.130254,0.162162,0.297297,37
NVDA,10-Q,2024-08-28,full_fallback,14800,0.168486,0.189412,0.642102,-0.020926,0.135135,0.162162,37
NVDA,10-Q,2024-11-20,full_fallback,14800,0.142696,0.215145,0.642159,-0.072449,0.081081,0.162162,37
NVDA,10-Q,2025-05-28,full_fallback,14400,0.115638,0.268219,0.616143,-0.15258,0.055556,0.25,36
NVDA,10-Q,2025-08-27,full_fallback,14800,0.09688,0.239307,0.663813,-0.142427,0.054054,0.189189,37
NVDA,10-Q,2025-11-19,full_fallback,14800,0.103278,0.266062,0.63066,-0.162785,0.054054,0.27027,37
NVDA,10-K,2016-03-17,full_fallback,14800,0.087397,0.26377,0.648833,-0.176373,0.027027,0.297297,37
NVDA,10-K,2017-03-01,full_fallback,14800,0.105675,0.282368,0.611958,-0.176693,0.081081,0.27027,37
NVDA,10-K,2018-02-28,full_fallback,14800,0.189865,0.250766,0.559369,-0.060901,0.162162,0.243243,37
NVDA,10-K,2019-02-21,full_fallback,14800,0.180041,0.296423,0.523535,-0.116382,0.162162,0.297297,37
NVDA,10-K,2020-02-20,full_fallback,14400,0.064707,0.561401,0.373893,-0.496694,0.027778,0.638889,36
NVDA,10-K,2021-02-26,full_fallback,14000,0.040577,0.647742,0.31168,-0.607165,0.028571,0.742857,35
NVDA,10-K,2022-03-18,full_fallback,14000,0.023026,0.688082,0.288893,-0.665056,0.0,0.771429,35
NVDA,10-K,2023-02-24,full_fallback,14000,0.023196,0.792026,0.184778,-0.76883,0.0,0.942857,35
NVDA,10-K,2024-02-21,full_fallback,14000,0.029621,0.815145,0.155234,-0.785525,0.028571,0.885714,35
NVDA,10-K,2025-02-26,full_fallback,14000,0.028693,0.72483,0.246476,-0.696137,0.0,0.771429,35
ORCL,10-Q,2016-03-18,full_fallback,14000,0.082934,0.164071,0.752995,-0.081137,0.0,0.142857,35
ORCL,10-Q,2016-09-19,full_fallback,14000,0.114326,0.117553,0.768122,-0.003227,0.085714,0.057143,35
ORCL,10-Q,2016-12-19,full_fallback,14000,0.12124,0.099568,0.779192,0.021672,0.085714,0.028571,35
ORCL,10-Q,2017-03-17,full_fallback,14000,0.098856,0.149533,0.751611,-0.050677,0.0,0.142857,35
ORCL,10-Q,2017-09-18,full_fallback,14000,0.109674,0.17821,0.712116,-0.068536,0.085714,0.142857,35
ORCL,10-Q,2017-12-18,full_fallback,14000,0.088067,0.135992,0.775941,-0.047926,0.028571,0.114286,35
ORCL,10-Q,2018-03-21,full_fallback,14000,0.089871,0.164541,0.745588,-0.07467,0.028571,0.171429,35
ORCL,10-Q,2018-09-19,full_fallback,14000,0.05653,0.138033,0.805437,-0.081502,0.028571,0.085714,35
ORCL,10-Q,2018-12-19,full_fallback,14400,0.074757,0.065049,0.860194,0.009707,0.027778,0.0,36
ORCL,10-Q,2019-03-18,full_fallback,14400,0.04228,0.083881,0.873838,-0.041601,0.0,0.027778,36
ORCL,10-Q,2019-09-13,full_fallback,14400,0.051045,0.165745,0.783209,-0.1147,0.0,0.111111,36
ORCL,10-Q,2019-12-13,full_fallback,14400,0.055257,0.1667,0.778044,-0.111443,0.027778,0.138889,36
ORCL,10-Q,2020-03-13,full_fallback,14400,0.064804,0.145154,0.790042,-0.080349,0.027778,0.111111,36
ORCL,10-Q,2020-09-15,full_fallback,14400,0.062454,0.166555,0.770991,-0.104101,0.027778,0.111111,36
ORCL,10-Q,2020-12-11,full_fallback,14400,0.051152,0.151769,0.79708,-0.100617,0.027778,0.083333,36
ORCL,10-Q,2021-03-11,full_fallback,14400,0.046397,0.17846,0.775143,-0.132062,0.0,0.138889,36
ORCL,10-Q,2021-09-13,full_fallback,14400,0.101739,0.149919,0.748341,-0.04818,0.083333,0.083333,36
ORCL,10-Q,2021-12-10,full_fallback,14400,0.067486,0.165307,0.767207,-0.097821,0.027778,0.111111,36
ORCL,10-Q,2022-03-11,full_fallback,14400,0.088426,0.151602,0.759973,-0.063176,0.055556,0.083333,36
ORCL,10-Q,2022-09-13,full_fallback,14400,0.081164,0.114901,0.803935,-0.033738,0.055556,0.083333,36
ORCL,10-Q,2022-12-13,full_fallback,14800,0.073215,0.096969,0.829816,-0.023755,0.054054,0.027027,37
ORCL,10-Q,2023-03-10,full_fallback,14800,0.061416,0.093709,0.844876,-0.032293,0.027027,0.054054,37
ORCL,10-Q,2023-09-12,full_fallback,14000,0.116396,0.208277,0.675327,-0.091881,0.142857,0.171429,35
ORCL,10-Q,2023-12-12,full_fallback,14400,0.08816,0.170173,0.741668,-0.082013,0.055556,0.138889,36
ORCL,10-Q,2024-03-12,full_fallback,14400,0.081015,0.129272,0.789713,-0.048256,0.027778,0.055556,36
ORCL,10-Q,2024-09-10,full_fallback,14400,0.090885,0.174978,0.734137,-0.084093,0.055556,0.138889,36
ORCL,10-Q,2024-12-10,full_fallback,14400,0.084621,0.164289,0.75109,-0.079667,0.055556,0.111111,36
ORCL,10-Q,2025-03-11,full_fallback,14400,0.108453,0.117048,0.774498,-0.008595,0.083333,0.055556,36
ORCL,10-Q,2025-09-10,full_fallback,14000,0.146282,0.100071,0.753647,0.046211,0.142857,0.028571,35
ORCL,10-Q,2025-12-11,full_fallback,14400,0.115567,0.113085,0.771348,0.002482,0.083333,0.111111,36
ORCL,10-K,2016-06-22,full_fallback,13600,0.091143,0.256294,0.652564,-0.165151,0.029412,0.235294,34
ORCL,10-K,2017-06-27,full_fallback,14000,0.066446,0.357073,0.57648,-0.290627,0.0,0.371429,35
ORCL,10-K,2018-06-22,full_fallback,14000,0.050451,0.183566,0.765983,-0.133115,0.028571,0.142857,35
ORCL,10-K,2019-06-21,full_fallback,14000,0.044417,0.299419,0.656164,-0.255002,0.0,0.285714,35
ORCL,10-K,2020-06-22,full_fallback,14000,0.031659,0.582008,0.386333,-0.550349,0.0,0.685714,35
ORCL,10-K,2021-06-21,full_fallback,14000,0.030922,0.620075,0.349002,-0.589153,0.0,0.742857,35
ORCL,10-K,2022-06-21,full_fallback,14000,0.03164,0.636057,0.332303,-0.604416,0.0,0.714286,35
ORCL,10-K,2023-06-20,full_fallback,14000,0.032004,0.607379,0.360617,-0.575374,0.0,0.714286,35
ORCL,10-K,2024-06-20,full_fallback,14000,0.030447,0.60043,0.369123,-0.569984,0.0,0.714286,35
ORCL,10-K,2025-06-18,full_fallback,14000,0.035064,0.636925,0.328011,-0.601861,0.0,0.742857,35
PEP,10-Q,2016-04-18,full_fallback,14400,0.07965,0.272914,0.647436,-0.193264,0.027778,0.25,36
PEP,10-Q,2016-07-07,full_fallback,14400,0.136427,0.312271,0.551302,-0.175843,0.111111,0.277778,36
PEP,10-Q,2016-09-29,full_fallback,14800,0.094747,0.295498,0.609754,-0.200751,0.054054,0.27027,37
PEP,10-Q,2017-04-26,full_fallback,14000,0.060887,0.279262,0.659851,-0.218376,0.028571,0.228571,35
PEP,10-Q,2017-07-11,full_fallback,14800,0.117353,0.311892,0.570755,-0.194538,0.108108,0.243243,37
PEP,10-Q,2017-10-04,full_fallback,14800,0.092243,0.359054,0.548703,-0.266811,0.054054,0.324324,37
PEP,10-Q,2018-04-26,full_fallback,14400,0.090611,0.224986,0.684403,-0.134374,0.027778,0.222222,36
PEP,10-Q,2018-07-10,full_fallback,14800,0.078435,0.258167,0.663398,-0.179732,0.054054,0.216216,37
PEP,10-Q,2018-10-02,full_fallback,14800,0.07398,0.235032,0.690988,-0.161052,0.027027,0.189189,37
PEP,10-Q,2019-04-17,full_fallback,14800,0.102184,0.145836,0.75198,-0.043652,0.081081,0.081081,37
PEP,10-Q,2019-07-09,full_fallback,15600,0.039834,0.153622,0.806544,-0.113789,0.0,0.102564,39
PEP,10-Q,2019-10-03,full_fallback,15600,0.042597,0.160347,0.797056,-0.11775,0.0,0.102564,39
PEP,10-Q,2020-04-28,full_fallback,14800,0.084369,0.218712,0.696919,-0.134343,0.054054,0.189189,37
PEP,10-Q,2020-07-13,full_fallback,15600,0.032708,0.216041,0.751251,-0.183333,0.0,0.179487,39
PEP,10-Q,2020-10-01,full_fallback,15600,0.03456,0.237133,0.728308,-0.202573,0.0,0.179487,39
PEP,10-Q,2021-04-15,full_fallback,14800,0.079407,0.212011,0.708581,-0.132604,0.027027,0.162162,37
PEP,10-Q,2021-07-13,full_fallback,15600,0.052623,0.188723,0.758654,-0.1361,0.0,0.179487,39
PEP,10-Q,2021-10-05,full_fallback,15600,0.046688,0.190148,0.763164,-0.14346,0.0,0.153846,39
PEP,10-Q,2022-04-26,full_fallback,14800,0.082677,0.223201,0.694122,-0.140524,0.054054,0.189189,37
PEP,10-Q,2022-07-12,full_fallback,15200,0.063614,0.217551,0.718835,-0.153937,0.0,0.236842,38
PEP,10-Q,2022-10-12,full_fallback,15200,0.049279,0.178933,0.771788,-0.129654,0.0,0.131579,38
PEP,10-Q,2023-04-25,full_fallback,14800,0.045909,0.265973,0.688118,-0.220064,0.0,0.243243,37
PEP,10-Q,2023-07-13,full_fallback,15200,0.036925,0.239659,0.723416,-0.202734,0.0,0.184211,38
PEP,10-Q,2023-10-10,full_fallback,15200,0.039849,0.15009,0.81006,-0.110241,0.0,0.105263,38
PEP,10-Q,2024-04-23,full_fallback,14800,0.049642,0.192644,0.757714,-0.143002,0.0,0.135135,37
PEP,10-Q,2024-07-11,full_fallback,15600,0.043218,0.204411,0.752371,-0.161192,0.025641,0.153846,39
PEP,10-Q,2024-10-08,full_fallback,15200,0.058442,0.177275,0.764283,-0.118833,0.026316,0.105263,38
PEP,10-Q,2025-04-24,full_fallback,14800,0.03955,0.219088,0.741362,-0.179538,0.0,0.216216,37
PEP,10-Q,2025-07-17,full_fallback,15200,0.039236,0.155612,0.805152,-0.116376,0.0,0.052632,38
PEP,10-Q,2025-10-09,full_fallback,15600,0.061906,0.141742,0.796352,-0.079836,0.025641,0.076923,39
PEP,10-K,2016-02-11,full_fallback,14400,0.143501,0.156582,0.699918,-0.013081,0.111111,0.111111,36
PEP,10-K,2017-02-15,full_fallback,14800,0.133185,0.178789,0.688025,-0.045604,0.108108,0.108108,37
PEP,10-K,2018-02-13,full_fallback,14800,0.088971,0.272004,0.639026,-0.183033,0.054054,0.243243,37
PEP,10-K,2019-02-15,full_fallback,14800,0.111469,0.267197,0.621334,-0.155728,0.081081,0.27027,37
PEP,10-K,2020-02-13,full_fallback,13600,0.030526,0.536056,0.433418,-0.505531,0.0,0.588235,34
PEP,10-K,2021-02-11,full_fallback,14000,0.084468,0.398996,0.516536,-0.314528,0.085714,0.457143,35
PEP,10-K,2022-02-10,full_fallback,14000,0.061804,0.383113,0.555082,-0.321309,0.057143,0.428571,35
PEP,10-K,2023-02-09,full_fallback,13600,0.070298,0.349853,0.579849,-0.279554,0.058824,0.411765,34
PEP,10-K,2024-02-09,full_fallback,13600,0.06971,0.38521,0.54508,-0.3155,0.029412,0.411765,34
PEP,10-K,2025-02-04,full_fallback,13600,0.088894,0.37107,0.540036,-0.282176,0.088235,0.411765,34
PEP,10-K,2026-02-03,full_fallback,13600,0.06046,0.391276,0.548264,-0.330816,0.029412,0.382353,34
PG,10-Q,2016-01-26,mda,800,0.109654,0.017636,0.87271,0.092018,0.0,0.0,2
PG,10-Q,2016-04-26,mda,800,0.109654,0.017636,0.87271,0.092018,0.0,0.0,2
PG,10-Q,2016-10-25,mda,800,0.115184,0.017005,0.867811,0.098179,0.0,0.0,2
PG,10-Q,2017-01-20,mda,400,0.019808,0.052474,0.927718,-0.032666,0.0,0.0,1
PG,10-Q,2017-04-26,mda,1200,0.088568,0.020716,0.890717,0.067852,0.0,0.0,3
PG,10-Q,2017-10-20,mda,1200,0.094674,0.036067,0.86926,0.058607,0.0,0.0,3
PG,10-Q,2018-01-23,mda,400,0.022486,0.043794,0.93372,-0.021309,0.0,0.0,1
PG,10-Q,2018-04-19,mda,1200,0.095007,0.034646,0.870348,0.060361,0.0,0.0,3
PG,10-Q,2018-10-19,mda,2800,0.182912,0.226194,0.590893,-0.043282,0.142857,0.285714,7
PG,10-Q,2019-01-23,mda,3200,0.154431,0.291249,0.55432,-0.136818,0.125,0.25,8
PG,10-Q,2019-04-23,mda,3200,0.192317,0.286675,0.521008,-0.094358,0.25,0.25,8
PG,10-Q,2019-10-22,mda,3200,0.196899,0.254679,0.548422,-0.057779,0.125,0.25,8
PG,10-Q,2020-01-23,mda,3200,0.207133,0.224717,0.56815,-0.017585,0.125,0.25,8
PG,10-Q,2020-04-20,mda,3600,0.188175,0.21349,0.598335,-0.025314,0.111111,0.222222,9
PG,10-Q,2020-10-20,mda,4000,0.140266,0.366613,0.493122,-0.226347,0.0,0.4,10
PG,10-Q,2021-01-20,mda,4400,0.116474,0.330373,0.553153,-0.2139,0.0,0.363636,11
PG,10-Q,2021-04-20,mda,4400,0.140793,0.354322,0.504885,-0.213529,0.090909,0.363636,11
PG,10-Q,2021-10-19,mda,4000,0.100991,0.362648,0.536361,-0.261658,0.0,0.3,10
PG,10-Q,2022-01-19,mda,4000,0.084865,0.376407,0.538728,-0.291542,0.0,0.4,10
PG,10-Q,2022-04-20,mda,4800,0.070965,0.41969,0.509345,-0.348726,0.0,0.5,12
PG,10-Q,2022-10-19,mda,4000,0.087344,0.357246,0.555409,-0.269902,0.0,0.4,10
PG,10-Q,2023-01-19,mda,4000,0.087724,0.364347,0.547929,-0.276623,0.0,0.4,10
PG,10-Q,2023-04-21,mda,4000,0.087976,0.359401,0.552623,-0.271426,0.0,0.4,10
PG,10-Q,2023-10-18,full_fallback,14000,0.20902,0.22295,0.56803,-0.01393,0.2,0.171429,35
PG,10-Q,2024-01-23,full_fallback,14800,0.301966,0.214306,0.483728,0.08766,0.297297,0.189189,37
PG,10-Q,2024-04-19,full_fallback,14800,0.264098,0.258627,0.477275,0.005471,0.27027,0.216216,37
PG,10-Q,2024-10-18,full_fallback,14400,0.104692,0.32986,0.565448,-0.225168,0.055556,0.361111,36
PG,10-Q,2025-01-22,full_fallback,14800,0.202981,0.240576,0.556443,-0.037594,0.189189,0.189189,37
PG,10-Q,2025-04-24,full_fallback,14800,0.157007,0.29732,0.545673,-0.140312,0.135135,0.243243,37
PG,10-Q,2025-10-24,full_fallback,14400,0.159214,0.256456,0.58433,-0.097241,0.111111,0.305556,36
PG,10-Q,2026-01-23,full_fallback,14800,0.134023,0.268842,0.597135,-0.134819,0.081081,0.243243,37
PG,10-K,2016-08-09,full_fallback,14400,0.10854,0.441328,0.450132,-0.332788,0.055556,0.472222,36
PG,10-K,2017-08-07,full_fallback,14400,0.147342,0.465515,0.387144,-0.318173,0.111111,0.444444,36
PG,10-K,2018-08-07,full_fallback,14800,0.225965,0.499675,0.27436,-0.273709,0.189189,0.540541,37
PG,10-K,2019-08-06,full_fallback,14400,0.270059,0.352217,0.377724,-0.082159,0.277778,0.333333,36
PG,10-K,2020-08-06,full_fallback,14400,0.32739,0.285976,0.386634,0.041414,0.305556,0.305556,36
PG,10-K,2021-08-06,full_fallback,14400,0.356709,0.201923,0.441368,0.154786,0.277778,0.194444,36
PG,10-K,2022-08-05,full_fallback,14400,0.219927,0.342092,0.437981,-0.122165,0.194444,0.388889,36
PG,10-K,2023-08-04,full_fallback,14400,0.228422,0.290512,0.481066,-0.06209,0.194444,0.333333,36
PG,10-K,2024-08-05,full_fallback,14000,0.293008,0.171342,0.53565,0.121666,0.257143,0.142857,35
PG,10-K,2025-08-04,full_fallback,14000,0.201178,0.256189,0.542633,-0.055012,0.171429,0.257143,35
QCOM,10-Q,2016-01-27,full_fallback,14400,0.134149,0.260052,0.605799,-0.125903,0.111111,0.305556,36
QCOM,10-Q,2016-04-20,full_fallback,14800,0.12226,0.255667,0.622073,-0.133406,0.081081,0.216216,37
QCOM,10-Q,2016-07-20,full_fallback,14800,0.125072,0.254743,0.620185,-0.129671,0.108108,0.189189,37
QCOM,10-Q,2017-01-25,full_fallback,14400,0.112938,0.274554,0.612508,-0.161615,0.055556,0.277778,36
QCOM,10-Q,2017-04-19,full_fallback,14400,0.094314,0.283746,0.62194,-0.189432,0.027778,0.277778,36
QCOM,10-Q,2017-07-19,full_fallback,14400,0.118264,0.25649,0.625246,-0.138226,0.083333,0.222222,36
QCOM,10-Q,2018-01-31,full_fallback,14400,0.10261,0.338855,0.558535,-0.236246,0.083333,0.333333,36
QCOM,10-Q,2018-04-25,full_fallback,14800,0.120921,0.367337,0.511742,-0.246417,0.135135,0.405405,37
QCOM,10-Q,2018-07-25,full_fallback,14800,0.053966,0.395851,0.550183,-0.341885,0.0,0.324324,37
QCOM,10-Q,2019-01-30,full_fallback,14800,0.045457,0.376245,0.578299,-0.330788,0.0,0.351351,37
QCOM,10-Q,2019-05-01,full_fallback,14800,0.068835,0.399008,0.532157,-0.330173,0.027027,0.378378,37
QCOM,10-Q,2019-07-31,full_fallback,15200,0.058745,0.373496,0.567759,-0.314751,0.026316,0.368421,38
QCOM,10-Q,2020-02-05,full_fallback,14000,0.107387,0.408281,0.484332,-0.300893,0.057143,0.485714,35
QCOM,10-Q,2020-04-29,full_fallback,14400,0.149932,0.423953,0.426115,-0.274021,0.166667,0.416667,36
QCOM,10-Q,2020-07-29,full_fallback,14800,0.098954,0.460369,0.440677,-0.361416,0.054054,0.513514,37
QCOM,10-Q,2021-02-03,full_fallback,14000,0.14356,0.310855,0.545585,-0.167295,0.114286,0.314286,35
QCOM,10-Q,2021-04-28,full_fallback,14400,0.191444,0.288564,0.519993,-0.09712,0.194444,0.305556,36
QCOM,10-Q,2021-07-28,full_fallback,14400,0.185726,0.275608,0.538666,-0.089881,0.138889,0.277778,36
QCOM,10-Q,2022-02-02,full_fallback,14000,0.130588,0.428027,0.441385,-0.297439,0.114286,0.514286,35
QCOM,10-Q,2022-04-27,full_fallback,14400,0.15709,0.376324,0.466586,-0.219234,0.166667,0.416667,36
QCOM,10-Q,2022-07-27,full_fallback,14400,0.107086,0.36221,0.530704,-0.255124,0.083333,0.388889,36
QCOM,10-Q,2023-02-02,full_fallback,14000,0.039643,0.486642,0.473715,-0.446998,0.0,0.542857,35
QCOM,10-Q,2023-05-03,full_fallback,14400,0.036868,0.520858,0.442274,-0.48399,0.0,0.555556,36
QCOM,10-Q,2023-08-02,full_fallback,14400,0.04448,0.508343,0.447176,-0.463863,0.0,0.527778,36
QCOM,10-Q,2024-01-31,full_fallback,14000,0.052443,0.546059,0.401498,-0.493616,0.0,0.571429,35
QCOM,10-Q,2024-05-01,full_fallback,14000,0.102399,0.511477,0.386124,-0.409078,0.028571,0.571429,35
QCOM,10-Q,2024-07-31,full_fallback,14400,0.078972,0.543572,0.377456,-0.4646,0.027778,0.611111,36
QCOM,10-Q,2025-02-05,full_fallback,14000,0.090792,0.56591,0.343299,-0.475118,0.057143,0.685714,35
QCOM,10-Q,2025-04-30,full_fallback,14000,0.083178,0.549088,0.367734,-0.46591,0.057143,0.628571,35
QCOM,10-Q,2025-07-30,full_fallback,14400,0.104835,0.462179,0.432986,-0.357344,0.083333,0.472222,36
QCOM,10-Q,2026-02-04,full_fallback,14000,0.07388,0.592001,0.334118,-0.518121,0.057143,0.714286,35
QCOM,10-K,2016-11-02,full_fallback,14000,0.042199,0.473182,0.484619,-0.430983,0.0,0.485714,35
QCOM,10-K,2017-11-01,full_fallback,14000,0.062126,0.482021,0.455853,-0.419895,0.028571,0.542857,35
QCOM,10-K,2018-11-07,full_fallback,14000,0.078341,0.550361,0.371297,-0.47202,0.057143,0.542857,35
QCOM,10-K,2019-11-06,full_fallback,14000,0.031318,0.623829,0.344854,-0.592511,0.0,0.685714,35
QCOM,10-K,2020-11-04,full_fallback,14000,0.057012,0.566242,0.376746,-0.50923,0.0,0.714286,35
QCOM,10-K,2021-11-03,full_fallback,14000,0.051472,0.565518,0.38301,-0.514046,0.028571,0.657143,35
QCOM,10-K,2022-11-02,full_fallback,14000,0.03359,0.600013,0.366397,-0.566423,0.0,0.685714,35
QCOM,10-K,2023-11-01,full_fallback,14000,0.034665,0.556793,0.408541,-0.522128,0.0,0.657143,35
QCOM,10-K,2024-11-06,full_fallback,14000,0.039681,0.578721,0.381598,-0.53904,0.0,0.685714,35
QCOM,10-K,2025-11-05,full_fallback,14000,0.05706,0.595618,0.347322,-0.538558,0.0,0.742857,35
TMO,10-Q,2016-05-06,full_fallback,14400,0.131031,0.324565,0.544404,-0.193535,0.111111,0.277778,36
TMO,10-Q,2016-08-05,full_fallback,14400,0.218883,0.27036,0.510757,-0.051477,0.166667,0.277778,36
TMO,10-Q,2016-11-04,full_fallback,14400,0.194711,0.341583,0.463706,-0.146872,0.194444,0.361111,36
TMO,10-Q,2017-05-05,full_fallback,14400,0.168589,0.238611,0.592799,-0.070022,0.138889,0.222222,36
TMO,10-Q,2017-08-04,full_fallback,14400,0.281292,0.197366,0.521342,0.083926,0.305556,0.111111,36
TMO,10-Q,2017-11-03,full_fallback,14400,0.227994,0.256331,0.515675,-0.028337,0.222222,0.222222,36
TMO,10-Q,2018-05-04,full_fallback,14400,0.213794,0.217253,0.568954,-0.003459,0.194444,0.222222,36
TMO,10-Q,2018-08-03,full_fallback,14400,0.274039,0.15652,0.569441,0.11752,0.305556,0.055556,36
TMO,10-Q,2018-11-02,full_fallback,14400,0.177311,0.267279,0.55541,-0.089968,0.138889,0.222222,36
TMO,10-Q,2019-05-03,full_fallback,14400,0.146789,0.301771,0.551439,-0.154982,0.111111,0.305556,36
TMO,10-Q,2019-08-02,full_fallback,14800,0.102967,0.209689,0.687344,-0.106722,0.081081,0.162162,37
TMO,10-Q,2019-11-01,full_fallback,14800,0.128112,0.154413,0.717475,-0.026301,0.135135,0.054054,37
TMO,10-Q,2020-05-01,full_fallback,14400,0.072633,0.319066,0.608301,-0.246433,0.027778,0.277778,36
TMO,10-Q,2020-07-31,full_fallback,14800,0.102146,0.258065,0.639789,-0.155919,0.081081,0.216216,37
TMO,10-Q,2020-10-30,full_fallback,14800,0.131702,0.140905,0.727393,-0.009203,0.108108,0.081081,37
TMO,10-Q,2021-05-07,full_fallback,14400,0.179656,0.093021,0.727324,0.086635,0.166667,0.027778,36
TMO,10-Q,2021-08-06,full_fallback,14800,0.231813,0.073276,0.694911,0.158537,0.216216,0.0,37
TMO,10-Q,2021-11-04,full_fallback,14800,0.099422,0.154066,0.746512,-0.054644,0.027027,0.108108,37
TMO,10-Q,2022-05-06,full_fallback,14400,0.059281,0.145834,0.794885,-0.086553,0.027778,0.111111,36
TMO,10-Q,2022-08-05,full_fallback,14800,0.089344,0.166297,0.744358,-0.076953,0.081081,0.108108,37
TMO,10-Q,2022-11-04,full_fallback,14800,0.077873,0.176357,0.74577,-0.098484,0.054054,0.135135,37
TMO,10-Q,2023-05-05,full_fallback,14400,0.04435,0.129812,0.825838,-0.085462,0.0,0.083333,36
TMO,10-Q,2023-08-04,full_fallback,14800,0.085951,0.18082,0.733228,-0.094869,0.054054,0.135135,37
TMO,10-Q,2023-11-03,full_fallback,14800,0.106757,0.195597,0.697646,-0.088839,0.081081,0.162162,37
TMO,10-Q,2024-05-03,full_fallback,14400,0.064624,0.145731,0.789645,-0.081106,0.055556,0.083333,36
TMO,10-Q,2024-08-02,full_fallback,14800,0.068965,0.184928,0.746107,-0.115963,0.027027,0.162162,37
TMO,10-Q,2024-11-01,full_fallback,14800,0.055973,0.211958,0.732069,-0.155984,0.027027,0.189189,37
TMO,10-Q,2025-05-02,full_fallback,14400,0.069777,0.14646,0.783763,-0.076683,0.027778,0.111111,36
TMO,10-Q,2025-08-01,full_fallback,14000,0.057694,0.114679,0.827626,-0.056985,0.028571,0.057143,35
TMO,10-Q,2025-10-31,full_fallback,14000,0.032617,0.070062,0.897321,-0.037445,0.0,0.0,35
TMO,10-K,2016-02-25,full_fallback,14000,0.210808,0.322589,0.466603,-0.11178,0.2,0.342857,35
TMO,10-K,2017-02-28,full_fallback,14000,0.246029,0.269681,0.48429,-0.023652,0.257143,0.2,35
TMO,10-K,2018-02-28,full_fallback,14400,0.287785,0.149486,0.562729,0.138299,0.277778,0.055556,36
TMO,10-K,2019-02-27,full_fallback,14000,0.256683,0.17741,0.565907,0.079273,0.2,0.114286,35
TMO,10-K,2020-02-26,full_fallback,14000,0.082216,0.519835,0.397948,-0.437619,0.028571,0.628571,35
TMO,10-K,2021-02-25,full_fallback,14000,0.135249,0.422656,0.442095,-0.287407,0.114286,0.428571,35
TMO,10-K,2022-02-24,full_fallback,13600,0.146306,0.425166,0.428528,-0.27886,0.088235,0.529412,34
TMO,10-K,2023-02-23,full_fallback,13600,0.115689,0.440839,0.443472,-0.32515,0.088235,0.5,34
TMO,10-K,2024-02-22,full_fallback,13600,0.088144,0.488768,0.423088,-0.400623,0.029412,0.558824,34
TMO,10-K,2025-02-20,full_fallback,13600,0.060533,0.515335,0.424132,-0.454801,0.029412,0.588235,34
TSLA,10-Q,2016-05-10,full_fallback,14800,0.215944,0.248907,0.535149,-0.032962,0.162162,0.243243,37
TSLA,10-Q,2016-08-05,full_fallback,14800,0.190847,0.219502,0.589651,-0.028655,0.162162,0.189189,37
TSLA,10-Q,2016-11-02,full_fallback,14800,0.336384,0.073199,0.590417,0.263185,0.351351,0.027027,37
TSLA,10-Q,2017-05-10,full_fallback,14400,0.227155,0.167091,0.605753,0.060064,0.222222,0.166667,36
TSLA,10-Q,2017-08-04,full_fallback,14800,0.287245,0.126689,0.586066,0.160556,0.297297,0.108108,37
TSLA,10-Q,2017-11-03,full_fallback,14800,0.269776,0.193557,0.536667,0.07622,0.27027,0.189189,37
TSLA,10-Q,2018-05-07,full_fallback,14400,0.157481,0.146384,0.696135,0.011097,0.138889,0.111111,36
TSLA,10-Q,2018-08-06,full_fallback,14400,0.194786,0.111448,0.693765,0.083338,0.166667,0.083333,36
TSLA,10-Q,2018-11-02,full_fallback,14400,0.184817,0.129266,0.685916,0.055551,0.166667,0.111111,36
TSLA,10-Q,2019-04-29,full_fallback,14400,0.209688,0.183565,0.606747,0.026123,0.222222,0.166667,36
TSLA,10-Q,2019-07-29,full_fallback,14800,0.038223,0.137201,0.824577,-0.098978,0.0,0.108108,37
TSLA,10-Q,2019-10-29,full_fallback,14800,0.039118,0.113763,0.847119,-0.074644,0.0,0.108108,37
TSLA,10-Q,2020-04-30,full_fallback,14800,0.141493,0.214956,0.64355,-0.073463,0.135135,0.189189,37
TSLA,10-Q,2020-07-28,full_fallback,14800,0.104402,0.16564,0.729958,-0.061238,0.081081,0.135135,37
TSLA,10-Q,2020-10-26,full_fallback,14800,0.036705,0.134585,0.82871,-0.097879,0.0,0.135135,37
TSLA,10-Q,2021-04-28,full_fallback,14800,0.146816,0.207062,0.646122,-0.060246,0.135135,0.189189,37
TSLA,10-Q,2021-07-27,full_fallback,14800,0.137841,0.155993,0.706166,-0.018152,0.108108,0.108108,37
TSLA,10-Q,2021-10-25,full_fallback,14800,0.133707,0.104436,0.761857,0.029271,0.108108,0.054054,37
TSLA,10-Q,2022-04-25,full_fallback,14800,0.22451,0.194508,0.580982,0.030002,0.216216,0.135135,37
TSLA,10-Q,2022-07-25,full_fallback,14800,0.185531,0.176119,0.63835,0.009412,0.189189,0.135135,37
TSLA,10-Q,2022-10-24,full_fallback,14800,0.17461,0.180723,0.644668,-0.006113,0.135135,0.189189,37
TSLA,10-Q,2023-04-24,full_fallback,14800,0.12718,0.284038,0.588783,-0.156858,0.108108,0.216216,37
TSLA,10-Q,2023-07-24,full_fallback,15200,0.13654,0.210803,0.652657,-0.074263,0.131579,0.131579,38
TSLA,10-Q,2023-10-23,full_fallback,14800,0.144288,0.20014,0.655572,-0.055852,0.135135,0.162162,37
TSLA,10-Q,2024-04-24,full_fallback,14800,0.132587,0.229817,0.637597,-0.09723,0.108108,0.162162,37
TSLA,10-Q,2024-07-24,full_fallback,14800,0.107493,0.234737,0.65777,-0.127245,0.081081,0.189189,37
TSLA,10-Q,2024-10-24,full_fallback,14800,0.104683,0.236688,0.658629,-0.132005,0.108108,0.189189,37
TSLA,10-Q,2025-04-23,full_fallback,14800,0.134425,0.27013,0.595445,-0.135705,0.135135,0.216216,37
TSLA,10-Q,2025-07-24,full_fallback,14800,0.130191,0.179785,0.690024,-0.049594,0.135135,0.108108,37
TSLA,10-Q,2025-10-23,full_fallback,14800,0.121537,0.164207,0.714257,-0.04267,0.108108,0.081081,37
TSLA,10-K,2016-02-24,full_fallback,14400,0.11173,0.362417,0.525854,-0.250687,0.083333,0.361111,36
TSLA,10-K,2017-03-01,full_fallback,14400,0.11828,0.218141,0.663579,-0.09986,0.083333,0.25,36
TSLA,10-K,2018-02-23,full_fallback,14400,0.149628,0.244533,0.60584,-0.094905,0.138889,0.222222,36
TSLA,10-K,2019-02-19,full_fallback,14400,0.16456,0.200409,0.635031,-0.035848,0.138889,0.222222,36
TSLA,10-K,2020-02-13,full_fallback,14400,0.118447,0.491907,0.389647,-0.37346,0.083333,0.555556,36
TSLA,10-K,2021-02-08,full_fallback,14400,0.128527,0.339118,0.532355,-0.210591,0.111111,0.361111,36
TSLA,10-K,2022-02-07,full_fallback,14000,0.138308,0.510133,0.351559,-0.371826,0.142857,0.6,35
TSLA,10-K,2023-01-31,full_fallback,14000,0.136415,0.450895,0.41269,-0.314479,0.142857,0.457143,35
TSLA,10-K,2024-01-29,full_fallback,14000,0.148237,0.410843,0.44092,-0.262606,0.171429,0.457143,35
TSLA,10-K,2025-01-30,full_fallback,14000,0.05425,0.490796,0.454954,-0.436545,0.028571,0.542857,35
TSLA,10-K,2026-01-29,full_fallback,14000,0.091612,0.535741,0.372646,-0.444129,0.085714,0.657143,35
TXN,10-Q,2016-05-04,mda,2800,0.242961,0.285889,0.471149,-0.042928,0.142857,0.285714,7
TXN,10-Q,2016-08-04,mda,3200,0.404386,0.192321,0.403293,0.212064,0.375,0.125,8
TXN,10-Q,2016-11-03,mda,3600,0.578446,0.044088,0.377466,0.534358,0.555556,0.0,9
TXN,10-Q,2017-05-03,mda,3600,0.29621,0.12258,0.58121,0.17363,0.333333,0.111111,9
TXN,10-Q,2017-08-03,mda,4000,0.265163,0.150705,0.584132,0.114458,0.3,0.1,10
TXN,10-Q,2017-11-02,mda,4000,0.289654,0.146778,0.563568,0.142876,0.3,0.1,10
TXN,10-Q,2018-05-03,mda,2800,0.409385,0.108683,0.481931,0.300702,0.285714,0.142857,7
TXN,10-Q,2018-08-02,mda,3200,0.258214,0.26248,0.479306,-0.004265,0.125,0.375,8
TXN,10-Q,2018-11-02,mda,3600,0.314978,0.266443,0.418579,0.048535,0.222222,0.333333,9
TXN,10-Q,2019-04-30,mda,2000,0.028025,0.589817,0.382158,-0.561791,0.0,0.6,5
TXN,10-Q,2019-07-31,mda,3200,0.099398,0.487477,0.413125,-0.388079,0.125,0.5,8
TXN,10-Q,2019-10-31,mda,3200,0.099171,0.483022,0.417808,-0.383851,0.125,0.5,8
TXN,10-Q,2020-04-22,mda,3200,0.148215,0.440173,0.411612,-0.291958,0.125,0.5,8
TXN,10-Q,2020-07-22,mda,3600,0.179434,0.511033,0.309532,-0.331599,0.222222,0.555556,9
TXN,10-Q,2020-10-21,mda,3600,0.251223,0.338295,0.410482,-0.087072,0.222222,0.333333,9
TXN,10-Q,2021-04-28,mda,2400,0.373023,0.073023,0.553954,0.3,0.333333,0.0,6
TXN,10-Q,2021-07-22,mda,2800,0.468179,0.091676,0.440145,0.376502,0.571429,0.0,7
TXN,10-Q,2021-10-27,mda,2800,0.485476,0.065672,0.448852,0.419804,0.428571,0.0,7
TXN,10-Q,2022-04-27,mda,2400,0.357287,0.05827,0.584444,0.299017,0.333333,0.0,6
TXN,10-Q,2022-07-27,mda,2800,0.457563,0.090632,0.451804,0.366931,0.428571,0.0,7
TXN,10-Q,2022-10-26,mda,2800,0.533131,0.047609,0.419259,0.485522,0.571429,0.0,7
TXN,10-Q,2023-04-26,mda,2400,0.095603,0.485855,0.418542,-0.390253,0.0,0.5,6
TXN,10-Q,2023-07-26,mda,2800,0.14989,0.518373,0.331737,-0.368482,0.142857,0.571429,7
TXN,10-Q,2023-10-25,mda,2800,0.14964,0.553168,0.297192,-0.403529,0.142857,0.571429,7
TXN,10-Q,2024-04-24,mda,2400,0.093485,0.470199,0.436317,-0.376714,0.0,0.5,6
TXN,10-Q,2024-07-24,mda,2800,0.130127,0.548586,0.321287,-0.418459,0.142857,0.571429,7
TXN,10-Q,2024-10-23,mda,2800,0.183767,0.537828,0.278404,-0.354061,0.142857,0.571429,7
TXN,10-Q,2025-04-24,mda,2400,0.215749,0.239041,0.54521,-0.023292,0.0,0.333333,6
TXN,10-Q,2025-07-29,mda,4000,0.25977,0.274746,0.465484,-0.014975,0.2,0.3,10
TXN,10-Q,2025-10-23,mda,4000,0.330455,0.277509,0.392036,0.052947,0.3,0.3,10
TXN,10-K,2016-02-24,mda,5600,0.31401,0.151481,0.534509,0.162528,0.357143,0.071429,14
TXN,10-K,2017-02-23,mda,5200,0.31237,0.212968,0.474662,0.099403,0.230769,0.230769,13
TXN,10-K,2018-02-22,full_fallback,14800,0.140673,0.067337,0.79199,0.073337,0.108108,0.027027,37
TXN,10-K,2019-02-22,full_fallback,14800,0.091231,0.119255,0.789515,-0.028024,0.054054,0.081081,37
TXN,10-K,2020-02-20,full_fallback,14400,0.06378,0.267311,0.668909,-0.20353,0.027778,0.277778,36
TXN,10-K,2021-02-05,full_fallback,14400,0.083219,0.242927,0.673854,-0.159707,0.055556,0.222222,36
TXN,10-K,2022-02-04,mda,1200,0.10611,0.037105,0.856785,0.069005,0.0,0.0,3
TXN,10-K,2023-02-03,mda,1200,0.119037,0.030989,0.849974,0.088048,0.0,0.0,3
TXN,10-K,2024-02-02,mda,1200,0.118624,0.032002,0.849374,0.086622,0.0,0.0,3
TXN,10-K,2025-02-14,mda,1200,0.120907,0.041788,0.837305,0.079119,0.0,0.0,3
TXN,10-K,2026-02-06,mda,400,0.268729,0.009605,0.721666,0.259124,0.0,0.0,1
UNH,10-Q,2016-05-04,full_fallback,12400,0.075133,0.188846,0.736021,-0.113712,0.032258,0.16129,31
UNH,10-Q,2016-08-02,full_fallback,13600,0.053511,0.161839,0.784651,-0.108328,0.0,0.088235,34
UNH,10-Q,2016-11-08,full_fallback,13200,0.078643,0.154864,0.766493,-0.076222,0.060606,0.121212,33
UNH,10-Q,2017-05-08,full_fallback,11600,0.069711,0.185478,0.744812,-0.115767,0.034483,0.137931,29
UNH,10-Q,2017-08-04,full_fallback,12400,0.076904,0.141959,0.781137,-0.065055,0.032258,0.064516,31
UNH,10-Q,2017-11-07,full_fallback,12000,0.090049,0.171242,0.738709,-0.081193,0.066667,0.1,30
UNH,10-Q,2018-05-07,full_fallback,10000,0.139014,0.126462,0.734524,0.012553,0.12,0.08,25
UNH,10-Q,2018-08-07,full_fallback,10800,0.105854,0.153946,0.7402,-0.048092,0.074074,0.148148,27
UNH,10-Q,2018-11-08,full_fallback,10800,0.098386,0.189675,0.711939,-0.091288,0.074074,0.148148,27
UNH,10-Q,2019-05-07,full_fallback,9600,0.09268,0.169104,0.738215,-0.076424,0.083333,0.125,24
UNH,10-Q,2019-08-07,full_fallback,14800,0.050695,0.159549,0.789756,-0.108854,0.0,0.108108,37
UNH,10-Q,2019-11-06,full_fallback,14800,0.063991,0.119499,0.81651,-0.055508,0.027027,0.027027,37
UNH,10-Q,2020-05-06,full_fallback,13600,0.096956,0.163248,0.739796,-0.066292,0.088235,0.117647,34
UNH,10-Q,2020-08-03,full_fallback,14800,0.059983,0.149021,0.790996,-0.089038,0.0,0.081081,37
UNH,10-Q,2020-11-02,full_fallback,14800,0.051952,0.204742,0.743306,-0.15279,0.0,0.135135,37
UNH,10-Q,2021-05-05,full_fallback,13600,0.066336,0.146337,0.787327,-0.080001,0.029412,0.117647,34
UNH,10-Q,2021-08-03,full_fallback,14400,0.075761,0.132993,0.791245,-0.057232,0.055556,0.027778,36
UNH,10-Q,2021-11-03,full_fallback,14000,0.097344,0.115522,0.787133,-0.018178,0.057143,0.057143,35
UNH,10-Q,2022-05-04,full_fallback,11200,0.077681,0.182156,0.740164,-0.104475,0.035714,0.142857,28
UNH,10-Q,2022-08-03,full_fallback,14400,0.078358,0.113038,0.808604,-0.03468,0.055556,0.027778,36
UNH,10-Q,2022-11-02,full_fallback,14400,0.080203,0.124167,0.795629,-0.043964,0.055556,0.055556,36
UNH,10-Q,2023-05-03,full_fallback,11600,0.10482,0.104217,0.790962,0.000603,0.068966,0.0,29
UNH,10-Q,2023-08-02,full_fallback,14000,0.073944,0.097486,0.82857,-0.023541,0.028571,0.028571,35
UNH,10-Q,2023-11-06,full_fallback,14000,0.076548,0.122982,0.800469,-0.046434,0.057143,0.057143,35
UNH,10-Q,2024-05-09,full_fallback,12400,0.069818,0.212264,0.717918,-0.142447,0.064516,0.129032,31
UNH,10-Q,2024-08-09,full_fallback,14800,0.05101,0.242358,0.706633,-0.191348,0.0,0.216216,37
UNH,10-Q,2024-11-04,full_fallback,14800,0.066121,0.198505,0.735375,-0.132384,0.027027,0.162162,37
UNH,10-Q,2025-05-07,full_fallback,12400,0.093003,0.156025,0.750973,-0.063022,0.032258,0.129032,31
UNH,10-Q,2025-08-11,full_fallback,14800,0.065178,0.20804,0.726781,-0.142862,0.027027,0.108108,37
UNH,10-Q,2025-10-28,full_fallback,14800,0.051952,0.207348,0.7407,-0.155396,0.0,0.162162,37
UNH,10-K,2016-02-09,full_fallback,14000,0.093557,0.453701,0.452742,-0.360144,0.057143,0.514286,35
UNH,10-K,2017-02-08,full_fallback,14000,0.110545,0.380041,0.509414,-0.269495,0.057143,0.342857,35
UNH,10-K,2018-02-13,full_fallback,14000,0.135356,0.394429,0.470215,-0.259073,0.114286,0.428571,35
UNH,10-K,2019-02-12,full_fallback,14000,0.139871,0.438988,0.421141,-0.299117,0.142857,0.514286,35
UNH,10-K,2020-02-14,full_fallback,13600,0.028672,0.459277,0.512051,-0.430604,0.0,0.558824,34
UNH,10-K,2021-03-01,full_fallback,13600,0.036631,0.455124,0.508246,-0.418493,0.0,0.5,34
UNH,10-K,2022-02-15,full_fallback,13600,0.031534,0.498891,0.469575,-0.467357,0.0,0.558824,34
UNH,10-K,2023-02-24,full_fallback,13600,0.037277,0.492322,0.470401,-0.455045,0.0,0.529412,34
UNH,10-K,2024-02-28,full_fallback,13600,0.033927,0.482497,0.483575,-0.44857,0.0,0.529412,34
UNH,10-K,2025-02-27,full_fallback,13600,0.026664,0.472967,0.500369,-0.446303,0.0,0.529412,34
V,10-Q,2016-01-28,full_fallback,14400,0.070713,0.11738,0.811907,-0.046667,0.055556,0.027778,36
V,10-Q,2016-04-25,full_fallback,14800,0.063855,0.11317,0.822975,-0.049315,0.0,0.027027,37
V,10-Q,2016-07-25,full_fallback,14800,0.075192,0.155851,0.768957,-0.080659,0.054054,0.054054,37
V,10-Q,2017-02-02,full_fallback,12400,0.061276,0.127223,0.811501,-0.065947,0.0,0.096774,31
V,10-Q,2017-04-21,full_fallback,14800,0.069542,0.172138,0.75832,-0.102595,0.027027,0.108108,37
V,10-Q,2017-07-20,full_fallback,15200,0.061746,0.231716,0.706538,-0.169969,0.026316,0.184211,38
V,10-Q,2018-02-01,full_fallback,12800,0.052083,0.147762,0.800155,-0.095678,0.0,0.125,32
V,10-Q,2018-04-27,full_fallback,14800,0.067342,0.160441,0.772217,-0.093099,0.027027,0.108108,37
V,10-Q,2018-07-27,full_fallback,15200,0.07508,0.144947,0.779973,-0.069867,0.026316,0.078947,38
V,10-Q,2019-01-31,full_fallback,13600,0.062049,0.1192,0.81875,-0.057151,0.029412,0.029412,34
V,10-Q,2019-04-26,full_fallback,14800,0.043558,0.152591,0.803851,-0.109033,0.0,0.081081,37
V,10-Q,2019-07-26,full_fallback,14800,0.033085,0.117009,0.849906,-0.083923,0.0,0.081081,37
V,10-Q,2020-01-31,full_fallback,14000,0.049627,0.077772,0.872601,-0.028144,0.0,0.0,35
V,10-Q,2020-05-04,full_fallback,14800,0.053371,0.133942,0.812687,-0.080571,0.027027,0.054054,37
V,10-Q,2020-07-31,full_fallback,14800,0.055631,0.155814,0.788555,-0.100182,0.027027,0.081081,37
V,10-Q,2021-01-29,full_fallback,14400,0.045853,0.158974,0.795174,-0.113121,0.027778,0.111111,36
V,10-Q,2021-04-29,full_fallback,15200,0.033866,0.193364,0.77277,-0.159498,0.0,0.157895,38
V,10-Q,2021-07-29,full_fallback,14800,0.060684,0.109677,0.829639,-0.048993,0.054054,0.027027,37
V,10-Q,2022-01-28,full_fallback,14400,0.060729,0.122795,0.816476,-0.062066,0.027778,0.055556,36
V,10-Q,2022-04-28,full_fallback,15200,0.089332,0.130775,0.779893,-0.041444,0.078947,0.052632,38
V,10-Q,2022-07-28,full_fallback,14800,0.049971,0.155674,0.794355,-0.105703,0.027027,0.135135,37
V,10-Q,2023-01-27,full_fallback,13600,0.055089,0.137697,0.807214,-0.082608,0.029412,0.058824,34
V,10-Q,2023-04-27,full_fallback,15200,0.086974,0.180674,0.732352,-0.0937,0.078947,0.105263,38
V,10-Q,2023-07-26,full_fallback,15200,0.044698,0.153879,0.801423,-0.109181,0.0,0.078947,38
V,10-Q,2024-01-26,full_fallback,13600,0.039593,0.121055,0.839352,-0.081462,0.0,0.058824,34
V,10-Q,2024-04-24,full_fallback,15200,0.054916,0.159463,0.785621,-0.104548,0.052632,0.078947,38
V,10-Q,2024-07-24,full_fallback,15200,0.035819,0.172217,0.791965,-0.136398,0.0,0.105263,38
V,10-Q,2025-01-31,full_fallback,14000,0.039581,0.110224,0.850194,-0.070643,0.0,0.028571,35
V,10-Q,2025-04-30,full_fallback,15200,0.053493,0.182924,0.763584,-0.129431,0.026316,0.052632,38
V,10-Q,2025-07-30,full_fallback,15200,0.040289,0.176181,0.783531,-0.135892,0.0,0.131579,38
V,10-Q,2026-01-30,full_fallback,14000,0.049425,0.099939,0.850635,-0.050514,0.0,0.0,35
V,10-K,2016-11-15,full_fallback,14400,0.097316,0.218151,0.684533,-0.120835,0.027778,0.222222,36
V,10-K,2017-11-17,full_fallback,14800,0.061405,0.135798,0.802797,-0.074394,0.0,0.054054,37
V,10-K,2018-11-16,full_fallback,14800,0.084576,0.159009,0.756415,-0.074433,0.054054,0.081081,37
V,10-K,2019-11-14,full_fallback,14400,0.06118,0.38612,0.5527,-0.32494,0.0,0.444444,36
V,10-K,2020-11-19,full_fallback,14000,0.052166,0.440306,0.507528,-0.388141,0.0,0.485714,35
V,10-K,2021-11-18,full_fallback,14000,0.046677,0.377463,0.57586,-0.330786,0.0,0.4,35
V,10-K,2022-11-16,full_fallback,14000,0.052274,0.395971,0.551755,-0.343697,0.0,0.371429,35
V,10-K,2023-11-15,full_fallback,14000,0.056388,0.426779,0.516833,-0.370391,0.0,0.428571,35
V,10-K,2024-11-13,full_fallback,13600,0.044337,0.424237,0.531426,-0.3799,0.0,0.411765,34
V,10-K,2025-11-06,full_fallback,13600,0.062105,0.444894,0.493001,-0.382788,0.0,0.5,34
VZ,10-Q,2016-04-28,full_fallback,14400,0.099293,0.323657,0.57705,-0.224364,0.083333,0.333333,36
VZ,10-Q,2016-07-29,full_fallback,14800,0.068429,0.273636,0.657935,-0.205207,0.054054,0.243243,37
VZ,10-Q,2016-10-26,full_fallback,14400,0.096938,0.239533,0.663529,-0.142596,0.083333,0.222222,36
VZ,10-Q,2017-04-27,full_fallback,14400,0.096212,0.218885,0.684902,-0.122673,0.111111,0.222222,36
VZ,10-Q,2017-08-03,full_fallback,14400,0.079157,0.166616,0.754227,-0.087459,0.055556,0.166667,36
VZ,10-Q,2017-10-26,full_fallback,14400,0.080868,0.129081,0.790051,-0.048213,0.027778,0.111111,36
VZ,10-Q,2018-05-01,full_fallback,14400,0.07375,0.055661,0.870589,0.018089,0.083333,0.0,36
VZ,10-Q,2018-07-31,full_fallback,14800,0.07539,0.0573,0.86731,0.01809,0.054054,0.0,37
VZ,10-Q,2018-10-30,full_fallback,14400,0.055202,0.060438,0.88436,-0.005236,0.027778,0.0,36
VZ,10-Q,2019-04-26,full_fallback,14800,0.092403,0.054149,0.853448,0.038253,0.081081,0.0,37
VZ,10-Q,2019-08-08,full_fallback,14800,0.031823,0.069736,0.898441,-0.037913,0.0,0.0,37
VZ,10-Q,2019-10-30,full_fallback,14800,0.030993,0.094451,0.874556,-0.063457,0.0,0.027027,37
VZ,10-Q,2020-04-27,full_fallback,14800,0.079793,0.10608,0.814127,-0.026287,0.054054,0.027027,37
VZ,10-Q,2020-07-28,full_fallback,14800,0.030789,0.080887,0.888324,-0.050098,0.0,0.0,37
VZ,10-Q,2020-10-27,full_fallback,14800,0.031461,0.082761,0.885778,-0.051301,0.0,0.0,37
VZ,10-Q,2021-04-27,full_fallback,14400,0.048738,0.074625,0.876637,-0.025887,0.0,0.0,36
VZ,10-Q,2021-07-28,full_fallback,14800,0.031418,0.074943,0.893639,-0.043525,0.0,0.0,37
VZ,10-Q,2021-10-26,full_fallback,14800,0.03308,0.080644,0.886276,-0.047564,0.0,0.0,37
VZ,10-Q,2022-04-27,full_fallback,14400,0.045511,0.069526,0.884963,-0.024015,0.027778,0.0,36
VZ,10-Q,2022-07-28,full_fallback,14800,0.032818,0.0848,0.882382,-0.051982,0.0,0.027027,37
VZ,10-Q,2022-10-25,full_fallback,14400,0.044846,0.05867,0.896484,-0.013824,0.027778,0.0,36
VZ,10-Q,2023-04-27,full_fallback,14400,0.045692,0.058602,0.895706,-0.012909,0.027778,0.0,36
VZ,10-Q,2023-07-28,full_fallback,14800,0.029926,0.068709,0.901365,-0.038782,0.0,0.0,37
VZ,10-Q,2023-10-26,full_fallback,14800,0.027734,0.093884,0.878383,-0.06615,0.0,0.054054,37
VZ,10-Q,2024-04-25,full_fallback,14400,0.048894,0.062852,0.888254,-0.013958,0.027778,0.0,36
VZ,10-Q,2024-07-25,full_fallback,14800,0.028262,0.056411,0.915328,-0.028149,0.0,0.0,37
VZ,10-Q,2024-10-25,full_fallback,14800,0.029383,0.089805,0.880811,-0.060422,0.0,0.054054,37
VZ,10-Q,2025-04-25,full_fallback,14400,0.043755,0.0685,0.887744,-0.024745,0.0,0.027778,36
VZ,10-Q,2025-07-25,full_fallback,14800,0.026615,0.075591,0.897794,-0.048976,0.0,0.0,37
VZ,10-Q,2025-10-29,full_fallback,14800,0.029705,0.066418,0.903877,-0.036714,0.0,0.027027,37
VZ,10-K,2016-02-23,full_fallback,13600,0.196876,0.210514,0.59261,-0.013638,0.176471,0.205882,34
VZ,10-K,2017-02-21,full_fallback,13600,0.187059,0.234336,0.578605,-0.047277,0.147059,0.235294,34
VZ,10-K,2018-02-23,full_fallback,13600,0.182575,0.202512,0.614912,-0.019937,0.117647,0.205882,34
VZ,10-K,2019-02-15,full_fallback,14000,0.155413,0.231392,0.613195,-0.075979,0.114286,0.257143,35
VZ,10-K,2020-02-21,full_fallback,9200,0.139337,0.022306,0.838357,0.11703,0.0,0.0,23
VZ,10-K,2021-02-25,full_fallback,14000,0.092943,0.409997,0.49706,-0.317054,0.057143,0.428571,35
VZ,10-K,2022-02-11,full_fallback,14000,0.131355,0.332077,0.536568,-0.200722,0.114286,0.342857,35
VZ,10-K,2023-02-10,full_fallback,14000,0.101871,0.340502,0.557627,-0.238632,0.057143,0.285714,35
VZ,10-K,2024-02-09,full_fallback,13600,0.093331,0.375897,0.530773,-0.282566,0.058824,0.411765,34
VZ,10-K,2025-02-12,full_fallback,13600,0.089631,0.394341,0.516028,-0.304709,0.029412,0.441176,34
VZ,10-K,2026-02-17,full_fallback,13600,0.056387,0.355512,0.588101,-0.299125,0.0,0.352941,34
WFC,10-Q,2016-05-04,mda,400,0.028371,0.034343,0.937286,-0.005972,0.0,0.0,1
WFC,10-Q,2016-08-03,mda,400,0.025287,0.038892,0.93582,-0.013605,0.0,0.0,1
WFC,10-Q,2016-11-03,mda,400,0.03547,0.028528,0.936003,0.006942,0.0,0.0,1
WFC,10-Q,2017-05-05,mda,400,0.02626,0.033345,0.940396,-0.007085,0.0,0.0,1
WFC,10-Q,2017-08-04,mda,400,0.031728,0.030234,0.938038,0.001494,0.0,0.0,1
WFC,10-Q,2017-11-03,mda,400,0.03212,0.031543,0.936338,0.000577,0.0,0.0,1
WFC,10-Q,2018-05-04,mda,400,0.026682,0.037076,0.936242,-0.010395,0.0,0.0,1
WFC,10-Q,2018-08-03,mda,400,0.030051,0.033529,0.936421,-0.003478,0.0,0.0,1
WFC,10-Q,2018-11-06,mda,400,0.031688,0.030753,0.937559,0.000935,0.0,0.0,1
WFC,10-Q,2019-05-03,mda,400,0.023945,0.038562,0.937493,-0.014618,0.0,0.0,1
WFC,10-Q,2019-08-02,mda,400,0.027552,0.035158,0.93729,-0.007606,0.0,0.0,1
WFC,10-Q,2019-11-01,mda,400,0.024156,0.039557,0.936288,-0.015401,0.0,0.0,1
WFC,10-Q,2020-05-05,mda,400,0.024691,0.035313,0.939997,-0.010622,0.0,0.0,1
WFC,10-Q,2020-08-04,mda,400,0.026097,0.034562,0.939341,-0.008465,0.0,0.0,1
WFC,10-Q,2020-11-02,mda,400,0.030103,0.033392,0.936505,-0.003288,0.0,0.0,1
WFC,10-Q,2021-05-05,mda,400,0.026896,0.033058,0.940047,-0.006162,0.0,0.0,1
WFC,10-Q,2021-07-28,mda,400,0.022763,0.042004,0.935233,-0.019241,0.0,0.0,1
WFC,10-Q,2021-11-01,mda,400,0.022394,0.043867,0.933738,-0.021473,0.0,0.0,1
WFC,10-Q,2022-05-03,mda,400,0.027172,0.033087,0.939741,-0.005915,0.0,0.0,1
WFC,10-Q,2022-08-01,mda,400,0.023871,0.038122,0.938006,-0.014251,0.0,0.0,1
WFC,10-Q,2022-10-31,mda,400,0.024859,0.035233,0.939908,-0.010375,0.0,0.0,1
WFC,10-Q,2023-05-02,mda,400,0.027743,0.033331,0.938926,-0.005589,0.0,0.0,1
WFC,10-Q,2023-08-01,mda,400,0.025414,0.034416,0.940169,-0.009002,0.0,0.0,1
WFC,10-Q,2023-10-31,mda,400,0.025658,0.034286,0.940056,-0.008629,0.0,0.0,1
WFC,10-Q,2024-05-02,mda,400,0.027487,0.034857,0.937656,-0.007369,0.0,0.0,1
WFC,10-Q,2024-08-01,mda,400,0.02657,0.033189,0.940242,-0.006619,0.0,0.0,1
WFC,10-Q,2024-10-31,mda,400,0.026088,0.033365,0.940547,-0.007277,0.0,0.0,1
WFC,10-Q,2025-04-29,mda,400,0.026011,0.031833,0.942156,-0.005822,0.0,0.0,1
WFC,10-Q,2025-08-05,mda,400,0.026449,0.033179,0.940372,-0.00673,0.0,0.0,1
WFC,10-Q,2025-10-31,mda,400,0.026051,0.035341,0.938608,-0.009291,0.0,0.0,1
WFC,10-K,2016-02-24,full_fallback,11600,0.031461,0.048963,0.919576,-0.017502,0.0,0.0,29
WFC,10-K,2017-03-01,full_fallback,10800,0.028206,0.049002,0.922792,-0.020796,0.0,0.0,27
WFC,10-K,2018-03-01,full_fallback,11200,0.029778,0.046409,0.923813,-0.016631,0.0,0.0,28
WFC,10-K,2019-02-27,full_fallback,9600,0.028979,0.053951,0.917069,-0.024972,0.0,0.0,24
WFC,10-K,2020-02-27,full_fallback,4000,0.024988,0.046924,0.928089,-0.021936,0.0,0.0,10
WFC,10-K,2021-02-23,full_fallback,3600,0.0256,0.04384,0.93056,-0.01824,0.0,0.0,9
WFC,10-K,2022-02-22,full_fallback,4000,0.027594,0.04147,0.930935,-0.013876,0.0,0.0,10
WFC,10-K,2023-02-21,full_fallback,3600,0.027113,0.044029,0.928858,-0.016915,0.0,0.0,9
WFC,10-K,2024-02-20,full_fallback,4000,0.028892,0.043398,0.92771,-0.014505,0.0,0.0,10
WFC,10-K,2025-02-25,full_fallback,4000,0.025067,0.051474,0.92346,-0.026407,0.0,0.0,10
WMT,10-Q,2016-06-03,full_fallback,14400,0.131627,0.222236,0.646136,-0.090609,0.111111,0.166667,36
WMT,10-Q,2016-08-31,full_fallback,14800,0.147408,0.194178,0.658414,-0.04677,0.108108,0.162162,37
WMT,10-Q,2016-12-01,full_fallback,14800,0.159745,0.231699,0.608556,-0.071955,0.135135,0.216216,37
WMT,10-Q,2017-06-02,full_fallback,14400,0.13991,0.201967,0.658123,-0.062057,0.111111,0.166667,36
WMT,10-Q,2017-08-31,full_fallback,14800,0.113518,0.294947,0.591535,-0.181429,0.081081,0.243243,37
WMT,10-Q,2017-12-01,full_fallback,14800,0.119058,0.23583,0.645112,-0.116773,0.054054,0.189189,37
WMT,10-Q,2018-06-04,full_fallback,14800,0.065996,0.243566,0.690438,-0.17757,0.0,0.216216,37
WMT,10-Q,2018-09-06,full_fallback,14800,0.077078,0.325981,0.596941,-0.248903,0.027027,0.27027,37
WMT,10-Q,2018-11-30,full_fallback,14800,0.099533,0.302184,0.598283,-0.202651,0.054054,0.27027,37
WMT,10-Q,2019-06-07,full_fallback,14400,0.121939,0.238236,0.639825,-0.116298,0.083333,0.194444,36
WMT,10-Q,2019-09-06,full_fallback,15200,0.124657,0.196585,0.678758,-0.071928,0.105263,0.157895,38
WMT,10-Q,2019-12-04,full_fallback,14800,0.085696,0.226703,0.687601,-0.141008,0.027027,0.216216,37
WMT,10-Q,2020-06-03,full_fallback,14400,0.190916,0.160212,0.648872,0.030704,0.166667,0.138889,36
WMT,10-Q,2020-09-02,full_fallback,14800,0.246609,0.141019,0.612372,0.105589,0.297297,0.054054,37
WMT,10-Q,2020-12-02,full_fallback,14800,0.209305,0.18249,0.608205,0.026816,0.243243,0.108108,37
WMT,10-Q,2021-06-04,full_fallback,14800,0.146465,0.172199,0.681336,-0.025734,0.135135,0.108108,37
WMT,10-Q,2021-09-02,full_fallback,14800,0.172356,0.225682,0.601962,-0.053326,0.162162,0.135135,37
WMT,10-Q,2021-12-01,full_fallback,15200,0.119362,0.241158,0.63948,-0.121797,0.078947,0.210526,38
WMT,10-Q,2022-06-03,full_fallback,14800,0.085923,0.225855,0.688222,-0.139931,0.054054,0.189189,37
WMT,10-Q,2022-09-02,full_fallback,14800,0.105152,0.290614,0.604233,-0.185462,0.054054,0.27027,37
WMT,10-Q,2022-12-01,full_fallback,14800,0.114311,0.288328,0.597361,-0.174016,0.108108,0.243243,37
WMT,10-Q,2023-06-02,full_fallback,14400,0.1314,0.194342,0.674258,-0.062942,0.083333,0.166667,36
WMT,10-Q,2023-09-01,full_fallback,14800,0.151624,0.210015,0.638362,-0.058391,0.108108,0.216216,37
WMT,10-Q,2023-11-30,full_fallback,14800,0.19671,0.164334,0.638956,0.032377,0.189189,0.081081,37
WMT,10-Q,2024-06-07,full_fallback,14400,0.194989,0.138959,0.666052,0.05603,0.166667,0.083333,36
WMT,10-Q,2024-08-30,full_fallback,14800,0.194291,0.146228,0.659482,0.048063,0.162162,0.081081,37
WMT,10-Q,2024-12-06,full_fallback,14800,0.212162,0.145952,0.641886,0.066209,0.162162,0.081081,37
WMT,10-Q,2025-06-06,full_fallback,14400,0.189873,0.172896,0.637231,0.016977,0.166667,0.138889,36
WMT,10-Q,2025-08-29,full_fallback,14800,0.224182,0.154257,0.621561,0.069925,0.243243,0.054054,37
WMT,10-Q,2025-12-03,full_fallback,14800,0.200225,0.182954,0.616821,0.017272,0.189189,0.135135,37
WMT,10-K,2016-03-30,mda,400,0.022789,0.05527,0.921941,-0.03248,0.0,0.0,1
WMT,10-K,2017-03-31,mda,2000,0.036249,0.0287,0.935051,0.007549,0.0,0.0,5
WMT,10-K,2018-03-30,full_fallback,14800,0.089557,0.293255,0.617188,-0.203697,0.027027,0.243243,37
WMT,10-K,2019-03-28,full_fallback,14800,0.11314,0.425645,0.461215,-0.312504,0.081081,0.432432,37
WMT,10-K,2020-03-20,full_fallback,14400,0.070336,0.383288,0.546376,-0.312951,0.055556,0.416667,36
WMT,10-K,2021-03-19,full_fallback,14000,0.06761,0.422546,0.509844,-0.354936,0.057143,0.457143,35
WMT,10-K,2022-03-18,full_fallback,14000,0.028451,0.498735,0.472814,-0.470284,0.0,0.485714,35
WMT,10-K,2023-03-17,full_fallback,14000,0.031452,0.48897,0.479579,-0.457518,0.0,0.514286,35
WMT,10-K,2024-03-15,full_fallback,13600,0.03113,0.490791,0.478079,-0.45966,0.0,0.529412,34
WMT,10-K,2025-03-14,full_fallback,13600,0.03407,0.498498,0.467432,-0.464428,0.0,0.529412,34
XOM,10-Q,2016-05-04,full_fallback,7600,0.031342,0.369759,0.5989,-0.338417,0.0,0.263158,19
XOM,10-Q,2016-08-03,full_fallback,8000,0.026738,0.47341,0.499852,-0.446672,0.0,0.45,20
XOM,10-Q,2016-11-03,full_fallback,8800,0.029889,0.442841,0.52727,-0.412951,0.0,0.409091,22
XOM,10-Q,2017-05-03,full_fallback,7600,0.10477,0.204879,0.690351,-0.100109,0.105263,0.105263,19
XOM,10-Q,2017-08-02,full_fallback,9200,0.070128,0.374204,0.555668,-0.304075,0.043478,0.347826,23
XOM,10-Q,2017-11-01,full_fallback,9600,0.045738,0.365501,0.588761,-0.319762,0.0,0.416667,24
XOM,10-Q,2018-05-03,full_fallback,8000,0.097949,0.285223,0.616828,-0.187274,0.1,0.2,20
XOM,10-Q,2018-08-02,full_fallback,9600,0.077641,0.375436,0.546923,-0.297796,0.0,0.416667,24
XOM,10-Q,2018-11-07,full_fallback,9200,0.056783,0.406753,0.536463,-0.34997,0.0,0.347826,23
XOM,10-Q,2019-05-02,full_fallback,8000,0.044901,0.38365,0.571449,-0.338748,0.0,0.35,20
XOM,10-Q,2019-08-07,full_fallback,11600,0.048675,0.308709,0.642616,-0.260034,0.0,0.275862,29
XOM,10-Q,2019-11-06,full_fallback,12000,0.030601,0.301611,0.667788,-0.27101,0.0,0.3,30
XOM,10-Q,2020-05-06,full_fallback,10800,0.056008,0.398064,0.545928,-0.342055,0.037037,0.37037,27
XOM,10-Q,2020-08-05,full_fallback,13200,0.035984,0.404586,0.55943,-0.368603,0.0,0.393939,33
XOM,10-Q,2020-11-04,full_fallback,13600,0.055794,0.411499,0.532707,-0.355705,0.029412,0.411765,34
XOM,10-Q,2021-05-05,full_fallback,9600,0.050354,0.337503,0.612143,-0.287149,0.0,0.333333,24
XOM,10-Q,2021-08-04,full_fallback,11200,0.065653,0.331907,0.60244,-0.266254,0.035714,0.321429,28
XOM,10-Q,2021-11-03,full_fallback,12000,0.078329,0.304906,0.616765,-0.226576,0.033333,0.266667,30
XOM,10-Q,2022-05-04,full_fallback,9200,0.094866,0.195414,0.70972,-0.100547,0.043478,0.173913,23
XOM,10-Q,2022-08-03,full_fallback,11600,0.108364,0.256626,0.635011,-0.148262,0.068966,0.206897,29
XOM,10-Q,2022-11-02,full_fallback,12800,0.087164,0.286566,0.62627,-0.199402,0.0625,0.25,32
XOM,10-Q,2023-05-02,full_fallback,9600,0.088448,0.217938,0.693614,-0.129491,0.041667,0.208333,24
XOM,10-Q,2023-08-01,full_fallback,12800,0.067465,0.278396,0.654139,-0.21093,0.03125,0.25,32
XOM,10-Q,2023-10-31,full_fallback,14400,0.045447,0.297281,0.657271,-0.251834,0.0,0.277778,36
XOM,10-Q,2024-04-29,full_fallback,11200,0.055123,0.303738,0.641139,-0.248615,0.0,0.321429,28
XOM,10-Q,2024-08-05,full_fallback,14400,0.057341,0.280093,0.662566,-0.222752,0.027778,0.277778,36
XOM,10-Q,2024-11-04,full_fallback,14400,0.04653,0.271238,0.682232,-0.224708,0.0,0.25,36
XOM,10-Q,2025-05-05,full_fallback,13200,0.046021,0.229383,0.724596,-0.183361,0.0,0.212121,33
XOM,10-Q,2025-08-04,full_fallback,14400,0.073565,0.2254,0.701036,-0.151835,0.027778,0.194444,36
XOM,10-Q,2025-11-03,full_fallback,14400,0.069116,0.263167,0.667717,-0.194051,0.055556,0.194444,36
XOM,10-K,2016-02-24,full_fallback,13600,0.157727,0.287002,0.555271,-0.129276,0.147059,0.294118,34
XOM,10-K,2017-02-22,full_fallback,13600,0.150179,0.277099,0.572722,-0.126921,0.147059,0.294118,34
XOM,10-K,2018-02-28,full_fallback,13600,0.176487,0.278834,0.544679,-0.102346,0.176471,0.264706,34
XOM,10-K,2019-02-27,full_fallback,14000,0.183894,0.231723,0.584383,-0.047829,0.171429,0.2,35
XOM,10-K,2020-02-26,full_fallback,14000,0.132682,0.043447,0.823871,0.089236,0.142857,0.0,35
XOM,10-K,2021-02-24,full_fallback,14000,0.152083,0.052807,0.79511,0.099276,0.142857,0.028571,35
XOM,10-K,2022-02-23,full_fallback,14000,0.08597,0.0542,0.85983,0.031769,0.057143,0.0,35
XOM,10-K,2023-02-22,full_fallback,14000,0.060637,0.058918,0.880444,0.001719,0.028571,0.028571,35
XOM,10-K,2024-02-28,full_fallback,14000,0.035595,0.055862,0.908543,-0.020266,0.0,0.028571,35
XOM,10-K,2025-02-19,full_fallback,14000,0.038554,0.075818,0.885628,-0.037264,0.0,0.057143,35
XOM,10-K,2026-02-18,full_fallback,14000,0.056542,0.082903,0.860554,-0.026361,0.028571,0.028571,35
